# LevelSetWear, data of Fig. 11 of
# I. Llavori, Wear simulation on a fixed mesh with level sets
# and immersed frictional contact,
# submitted for publication. Mondragon Unibertsitatea.
# https://github.com/illavori/LevelSetWear       BSD 3-Clause
# cylinder on flat, half-contact width a = 0.091336 mm, peak pressure p0 = 836.41 MPa, friction coefficient 0.6, Q*/(mu P) = 0.5
# level set model (UEL), contact pressure p and shear traction q on the immersed surface
# case: 1 loading to Q* (Mindlin-Cattaneo), 2 unloading to Q = 0 (Mindlin-Deresiewicz)
case,x_over_a,p_over_p0,q_over_p0
1,-10.839099307311523,0.0,0.0
1,-10.729613555365699,0.0,0.0
1,-10.620127814368463,0.0,0.0
1,-10.510641416456123,0.0,0.0
1,-10.4011556645103,0.0,0.0
1,-10.291669923513064,0.0,0.0
1,-10.18218417156724,0.0,0.0
1,-10.072698430570004,0.0,0.0
1,-9.963212678624181,0.0,0.0
1,-9.853726280711841,0.0,0.0
1,-9.744240539714605,0.0,0.0
1,-9.634754787768783,0.0,0.0
1,-9.525269046771545,0.0,0.0
1,-9.415783294825724,0.0,0.0
1,-9.306297553828486,0.0,0.0
1,-9.196811155916146,0.0,0.0
1,-9.087325403970324,0.0,0.0
1,-8.977839662973087,0.0,0.0
1,-8.868353911027265,0.0,0.0
1,-8.758868170030029,0.0,0.0
1,-8.649382418084205,0.0,0.0
1,-8.539896020171865,0.0,0.0
1,-8.430410279174628,0.0,0.0
1,-8.320924527228806,0.0,0.0
1,-8.21143878623157,0.0,0.0
1,-8.101953045234332,0.0,0.0
1,-7.9924672932885095,0.0,0.0
1,-7.882981552291273,0.0,0.0
1,-7.773495154378932,0.0,0.0
1,-7.66400940243311,0.0,0.0
1,-7.554523661435874,0.0,0.0
1,-7.4450379094900505,0.0,0.0
1,-7.335552168492814,0.0,0.0
1,-7.226066416546992,0.0,0.0
1,-7.116580018634653,0.0,0.0
1,-7.007094277637415,0.0,0.0
1,-6.897608525691593,0.0,0.0
1,-6.788122784694355,0.0,0.0
1,-6.678637032748534,0.0,0.0
1,-6.569151291751296,0.0,0.0
1,-6.459664893838957,0.0,0.0
1,-6.350179141893134,0.0,0.0
1,-6.240693400895897,0.0,0.0
1,-6.131207648950075,0.0,0.0
1,-6.021721907952839,0.0,0.0
1,-5.912236156007015,0.0,0.0
1,-5.802749758094675,0.0,0.0
1,-5.693264017097438,0.0,0.0
1,-5.583778265151616,0.0,0.0
1,-5.47429252415438,0.0,0.0
1,-5.364806783157142,0.0,0.0
1,-5.255320702753769,0.0,0.0
1,-5.145834961756532,0.0,0.0
1,-5.03634920981071,0.0,0.0
1,-4.926863140355921,0.0,0.0
1,-4.8173773993586835,0.0,0.0
1,-4.707891647412862,0.0,0.0
1,-4.598405577958073,0.0,0.0
1,-4.488919826012251,0.0,0.0
1,-4.379434085015014,0.0,0.0
1,-4.269948015560225,0.0,0.0
1,-4.160462263614403,0.0,0.0
1,-4.050976522617166,0.0,0.0
1,-3.9414907706713436,0.0,0.0
1,-3.832004701216555,0.0,0.0
1,-3.7225189602193183,0.0,0.0
1,-3.613033208273496,0.0,0.0
1,-3.5035471388187074,0.0,0.0
1,-3.394061386872885,0.0,0.0
1,-3.284575645875648,0.0,0.0
1,-3.1750895764208593,0.0,0.0
1,-3.0656038244750374,0.0,0.0
1,-2.9561180834778003,0.0,0.0
1,-2.846632003074427,0.0,0.0
1,-2.73714626207719,0.0,0.0
1,-2.6276603568511767,0.0,0.0
1,-2.518174604905355,0.0,0.0
1,-2.4086886996793417,0.0,0.0
1,-2.299202783504744,0.0,0.0
1,-2.189717042507507,0.0,0.0
1,-2.080231137281494,0.0,0.0
1,-1.9707453853356718,0.0,0.0
1,-1.8612594801096591,0.0,0.0
1,-1.7517735639350613,0.0,0.0
1,-1.642287822937824,0.0,0.0
1,-1.5328019177118115,0.0,0.0
1,-1.4233160015372135,0.0,0.0
1,-1.3138301729512958,0.0,0.0
1,-1.2043443443653785,0.0,0.0
1,-1.094858515779461,0.0,0.0
1,-0.9853726937626945,0.17559963018489674,0.1053597782304966
1,-0.8758867841572476,0.4648434377898666,0.27890606291303705
1,-0.7664009566661887,0.6362055411807731,0.38172332423022964
1,-0.656915088665365,0.7481174228324782,0.30876178492140244
1,-0.5474292600794475,0.8321921360818187,0.23835161308656588
1,-0.4379433920786238,0.8948155277864039,0.2094213208731856
1,-0.3284575437852532,0.9407577066646292,0.193612712092641
1,-0.21897169658674115,0.972295330513074,0.1838070423968668
1,-0.10948584807439887,0.9908139179206932,0.1778157160339343
1,0.0,0.9970544545137643,0.17587511101494727
1,0.10948584807439887,0.9912409129083752,0.17695325653097854
1,0.21897169658674115,0.9731645725724992,0.18053401115365836
1,0.3284575437852532,0.9421007389277083,0.18869862020959846
1,0.4379433920786238,0.8966901974613533,0.2037619787104323
1,0.5474292600794475,0.8346380875878108,0.2304160877746716
1,0.656915088665365,0.7513368141328,0.2942515102449096
1,0.7664009566661887,0.6398408587383357,0.3839045157212356
1,0.8758867841572476,0.47181026865474773,0.2830861609537315
1,0.9853726937626945,0.19150745223593188,0.11490447158067624
1,1.094858515779461,0.0,0.0
1,1.2043443443653785,0.0,0.0
1,1.3138301729512958,0.0,0.0
1,1.4233160015372135,0.0,0.0
1,1.5328019177118115,0.0,0.0
1,1.642287822937824,0.0,0.0
1,1.7517735639350613,0.0,0.0
1,1.8612594801096591,0.0,0.0
1,1.9707453853356718,0.0,0.0
1,2.080231137281494,0.0,0.0
1,2.189717042507507,0.0,0.0
1,2.299202783504744,0.0,0.0
1,2.4086886996793417,0.0,0.0
1,2.518174604905355,0.0,0.0
1,2.6276603568511767,0.0,0.0
1,2.73714626207719,0.0,0.0
1,2.846632003074427,0.0,0.0
1,2.9561180834778003,0.0,0.0
1,3.0656038244750374,0.0,0.0
1,3.1750895764208593,0.0,0.0
1,3.284575645875648,0.0,0.0
1,3.394061386872885,0.0,0.0
1,3.5035471388187074,0.0,0.0
1,3.613033208273496,0.0,0.0
1,3.7225189602193183,0.0,0.0
1,3.832004701216555,0.0,0.0
1,3.9414907706713436,0.0,0.0
1,4.050976522617166,0.0,0.0
1,4.160462263614403,0.0,0.0
1,4.269948015560225,0.0,0.0
1,4.379434085015014,0.0,0.0
1,4.488919826012251,0.0,0.0
1,4.598405577958073,0.0,0.0
1,4.707891647412862,0.0,0.0
1,4.8173773993586835,0.0,0.0
1,4.926863140355921,0.0,0.0
1,5.03634920981071,0.0,0.0
1,5.145834961756532,0.0,0.0
1,5.255320702753769,0.0,0.0
1,5.364806783157142,0.0,0.0
1,5.47429252415438,0.0,0.0
1,5.583778265151616,0.0,0.0
1,5.693264017097438,0.0,0.0
1,5.802749758094675,0.0,0.0
1,5.912236156007015,0.0,0.0
1,6.021721907952839,0.0,0.0
1,6.131207648950075,0.0,0.0
1,6.240693400895897,0.0,0.0
1,6.350179141893134,0.0,0.0
1,6.459664893838957,0.0,0.0
1,6.569151291751296,0.0,0.0
1,6.678637032748534,0.0,0.0
1,6.788122784694355,0.0,0.0
1,6.897608525691593,0.0,0.0
1,7.007094277637415,0.0,0.0
1,7.116580018634653,0.0,0.0
1,7.226066416546992,0.0,0.0
1,7.335552168492814,0.0,0.0
1,7.4450379094900505,0.0,0.0
1,7.554523661435874,0.0,0.0
1,7.66400940243311,0.0,0.0
1,7.773495154378932,0.0,0.0
1,7.882981552291273,0.0,0.0
1,7.9924672932885095,0.0,0.0
1,8.101953045234332,0.0,0.0
1,8.21143878623157,0.0,0.0
1,8.320924527228806,0.0,0.0
1,8.430410279174628,0.0,0.0
1,8.539896020171865,0.0,0.0
1,8.649382418084205,0.0,0.0
1,8.758868170030029,0.0,0.0
1,8.868353911027265,0.0,0.0
1,8.977839662973087,0.0,0.0
1,9.087325403970324,0.0,0.0
1,9.196811155916146,0.0,0.0
1,9.306297553828486,0.0,0.0
1,9.415783294825724,0.0,0.0
1,9.525269046771545,0.0,0.0
1,9.634754787768783,0.0,0.0
1,9.744240539714605,0.0,0.0
1,9.853726280711841,0.0,0.0
1,9.963212678624181,0.0,0.0
1,10.072698430570004,0.0,0.0
1,10.18218417156724,0.0,0.0
1,10.291669923513064,0.0,0.0
1,10.4011556645103,0.0,0.0
1,10.510641416456123,0.0,0.0
1,10.620127814368463,0.0,0.0
1,10.729613555365699,0.0,0.0
1,10.839099307311523,0.0,0.0
2,-10.839099307311523,0.0,0.0
2,-10.729613555365699,0.0,0.0
2,-10.620127814368463,0.0,0.0
2,-10.510641416456123,0.0,0.0
2,-10.4011556645103,0.0,0.0
2,-10.291669923513064,0.0,0.0
2,-10.18218417156724,0.0,0.0
2,-10.072698430570004,0.0,0.0
2,-9.963212678624181,0.0,0.0
2,-9.853726280711841,0.0,0.0
2,-9.744240539714605,0.0,0.0
2,-9.634754787768783,0.0,0.0
2,-9.525269046771545,0.0,0.0
2,-9.415783294825724,0.0,0.0
2,-9.306297553828486,0.0,0.0
2,-9.196811155916146,0.0,0.0
2,-9.087325403970324,0.0,0.0
2,-8.977839662973087,0.0,0.0
2,-8.868353911027265,0.0,0.0
2,-8.758868170030029,0.0,0.0
2,-8.649382418084205,0.0,0.0
2,-8.539896020171865,0.0,0.0
2,-8.430410279174628,0.0,0.0
2,-8.320924527228806,0.0,0.0
2,-8.21143878623157,0.0,0.0
2,-8.101953045234332,0.0,0.0
2,-7.9924672932885095,0.0,0.0
2,-7.882981552291273,0.0,0.0
2,-7.773495154378932,0.0,0.0
2,-7.66400940243311,0.0,0.0
2,-7.554523661435874,0.0,0.0
2,-7.4450379094900505,0.0,0.0
2,-7.335552168492814,0.0,0.0
2,-7.226066416546992,0.0,0.0
2,-7.116580018634653,0.0,0.0
2,-7.007094277637415,0.0,0.0
2,-6.897608525691593,0.0,0.0
2,-6.788122784694355,0.0,0.0
2,-6.678637032748534,0.0,0.0
2,-6.569151291751296,0.0,0.0
2,-6.459664893838957,0.0,0.0
2,-6.350179141893134,0.0,0.0
2,-6.240693400895897,0.0,0.0
2,-6.131207648950075,0.0,0.0
2,-6.021721907952839,0.0,0.0
2,-5.912236156007015,0.0,0.0
2,-5.802749758094675,0.0,0.0
2,-5.693264017097438,0.0,0.0
2,-5.583778265151616,0.0,0.0
2,-5.47429252415438,0.0,0.0
2,-5.364806783157142,0.0,0.0
2,-5.255320702753769,0.0,0.0
2,-5.145834961756532,0.0,0.0
2,-5.03634920981071,0.0,0.0
2,-4.926863140355921,0.0,0.0
2,-4.8173773993586835,0.0,0.0
2,-4.707891647412862,0.0,0.0
2,-4.598405577958073,0.0,0.0
2,-4.488919826012251,0.0,0.0
2,-4.379434085015014,0.0,0.0
2,-4.269948015560225,0.0,0.0
2,-4.160462263614403,0.0,0.0
2,-4.050976522617166,0.0,0.0
2,-3.9414907706713436,0.0,0.0
2,-3.832004701216555,0.0,0.0
2,-3.7225189602193183,0.0,0.0
2,-3.613033208273496,0.0,0.0
2,-3.5035471388187074,0.0,0.0
2,-3.394061386872885,0.0,0.0
2,-3.284575645875648,0.0,0.0
2,-3.1750895764208593,0.0,0.0
2,-3.0656038244750374,0.0,0.0
2,-2.9561180834778003,0.0,0.0
2,-2.846632003074427,0.0,0.0
2,-2.73714626207719,0.0,0.0
2,-2.6276603568511767,0.0,0.0
2,-2.518174604905355,0.0,0.0
2,-2.4086886996793417,0.0,0.0
2,-2.299202783504744,0.0,0.0
2,-2.189717042507507,0.0,0.0
2,-2.080231137281494,0.0,0.0
2,-1.9707453853356718,0.0,0.0
2,-1.8612594801096591,0.0,0.0
2,-1.7517735639350613,0.0,0.0
2,-1.642287822937824,0.0,0.0
2,-1.5328019177118115,0.0,0.0
2,-1.4233160015372135,0.0,0.0
2,-1.3138301729512958,0.0,0.0
2,-1.2043443443653785,0.0,0.0
2,-1.094858515779461,0.0,0.0
2,-0.9853726937626945,0.1826069471611335,-0.10956416865535573
2,-0.8758867841572476,0.4686900786690616,-0.20206981396453008
2,-0.7664009566661887,0.6386249985123672,0.10362203262480188
2,-0.656915088665365,0.7501486819254523,0.08318071467946468
2,-0.5474292600794475,0.8335544686814188,0.04157860772335614
2,-0.4379433920786238,0.8958397009867831,0.02846191741419096
2,-0.3284575437852532,0.9415015640872473,0.022924360099901044
2,-0.21897169658674115,0.97279204248169,0.019346834275388154
2,-0.10948584807439887,0.9910842649066613,0.01682512533190469
2,0.0,0.9971079378349521,0.015987050751430268
2,0.10948584807439887,0.9910793905046297,0.01599071773167829
2,0.21897169658674115,0.9727819015255869,0.016134391478801264
2,0.3284575437852532,0.9414826068837611,0.018108445632082894
2,0.4379433920786238,0.8958074656108751,0.02296379290044236
2,0.5474292600794475,0.8334613947424054,0.033868964975365554
2,0.656915088665365,0.7496524601468861,0.06912676533294475
2,0.7664009566661887,0.6378095494307711,0.10730593937436009
2,0.8758867841572476,0.46825760550867696,-0.19184172478673372
2,0.9853726937626945,0.18461154111098496,-0.11076692442747389
2,1.094858515779461,0.0,0.0
2,1.2043443443653785,0.0,0.0
2,1.3138301729512958,0.0,0.0
2,1.4233160015372135,0.0,0.0
2,1.5328019177118115,0.0,0.0
2,1.642287822937824,0.0,0.0
2,1.7517735639350613,0.0,0.0
2,1.8612594801096591,0.0,0.0
2,1.9707453853356718,0.0,0.0
2,2.080231137281494,0.0,0.0
2,2.189717042507507,0.0,0.0
2,2.299202783504744,0.0,0.0
2,2.4086886996793417,0.0,0.0
2,2.518174604905355,0.0,0.0
2,2.6276603568511767,0.0,0.0
2,2.73714626207719,0.0,0.0
2,2.846632003074427,0.0,0.0
2,2.9561180834778003,0.0,0.0
2,3.0656038244750374,0.0,0.0
2,3.1750895764208593,0.0,0.0
2,3.284575645875648,0.0,0.0
2,3.394061386872885,0.0,0.0
2,3.5035471388187074,0.0,0.0
2,3.613033208273496,0.0,0.0
2,3.7225189602193183,0.0,0.0
2,3.832004701216555,0.0,0.0
2,3.9414907706713436,0.0,0.0
2,4.050976522617166,0.0,0.0
2,4.160462263614403,0.0,0.0
2,4.269948015560225,0.0,0.0
2,4.379434085015014,0.0,0.0
2,4.488919826012251,0.0,0.0
2,4.598405577958073,0.0,0.0
2,4.707891647412862,0.0,0.0
2,4.8173773993586835,0.0,0.0
2,4.926863140355921,0.0,0.0
2,5.03634920981071,0.0,0.0
2,5.145834961756532,0.0,0.0
2,5.255320702753769,0.0,0.0
2,5.364806783157142,0.0,0.0
2,5.47429252415438,0.0,0.0
2,5.583778265151616,0.0,0.0
2,5.693264017097438,0.0,0.0
2,5.802749758094675,0.0,0.0
2,5.912236156007015,0.0,0.0
2,6.021721907952839,0.0,0.0
2,6.131207648950075,0.0,0.0
2,6.240693400895897,0.0,0.0
2,6.350179141893134,0.0,0.0
2,6.459664893838957,0.0,0.0
2,6.569151291751296,0.0,0.0
2,6.678637032748534,0.0,0.0
2,6.788122784694355,0.0,0.0
2,6.897608525691593,0.0,0.0
2,7.007094277637415,0.0,0.0
2,7.116580018634653,0.0,0.0
2,7.226066416546992,0.0,0.0
2,7.335552168492814,0.0,0.0
2,7.4450379094900505,0.0,0.0
2,7.554523661435874,0.0,0.0
2,7.66400940243311,0.0,0.0
2,7.773495154378932,0.0,0.0
2,7.882981552291273,0.0,0.0
2,7.9924672932885095,0.0,0.0
2,8.101953045234332,0.0,0.0
2,8.21143878623157,0.0,0.0
2,8.320924527228806,0.0,0.0
2,8.430410279174628,0.0,0.0
2,8.539896020171865,0.0,0.0
2,8.649382418084205,0.0,0.0
2,8.758868170030029,0.0,0.0
2,8.868353911027265,0.0,0.0
2,8.977839662973087,0.0,0.0
2,9.087325403970324,0.0,0.0
2,9.196811155916146,0.0,0.0
2,9.306297553828486,0.0,0.0
2,9.415783294825724,0.0,0.0
2,9.525269046771545,0.0,0.0
2,9.634754787768783,0.0,0.0
2,9.744240539714605,0.0,0.0
2,9.853726280711841,0.0,0.0
2,9.963212678624181,0.0,0.0
2,10.072698430570004,0.0,0.0
2,10.18218417156724,0.0,0.0
2,10.291669923513064,0.0,0.0
2,10.4011556645103,0.0,0.0
2,10.510641416456123,0.0,0.0
2,10.620127814368463,0.0,0.0
2,10.729613555365699,0.0,0.0
2,10.839099307311523,0.0,0.0
