# LevelSetWear, data of Fig. 15 of
# I. Llavori, Wear simulation on a fixed mesh with level sets
# and immersed frictional contact,
# submitted for publication. Mondragon Unibertsitatea.
# https://github.com/illavori/LevelSetWear       BSD 3-Clause
# block-on-ring test of Cruzado et al. (2010), 65 N, worn surface of the block (wear depth, negative down)
# mesh motion model (UMESHMOTION) on the same mesh, one analysis, every second surface node (as plotted)
sliding_m,x_mm,y_um
800,-1.799985409,-0.04629656178
800,-1.759985328,-0.04699408963999999
800,-1.719985127,-0.04771144086
800,-1.679984927,-0.0484497541
800,-1.639984727,-0.04921028813
800,-1.599984527,-0.04999443991
800,-1.559984207,-0.050803770139999996
800,-1.519984007,-0.05164001414
800,-1.479983807,-0.05250511458
800,-1.439983606,-0.053401276090000005
800,-1.399983287,-0.054330990679999996
800,-1.359983087,-0.05529710324
800,-1.319982886,-0.05630290616
800,-1.279982448,-0.05735221566
800,-1.239982128,-0.05844951738
800,-1.199981928,-0.05960016279
800,-1.15998137,-0.06081061292
800,-1.11998105,-0.06208880222
800,-1.079980612,-0.06344472786
800,-1.039980054,-0.06489129009
800,-0.9999796152,-0.06644572568
800,-0.9599789977,-0.06813221989
800,-0.9199783206,-0.06998698518
800,-0.8799775243,-0.07207005547
800,-0.8399764895,-0.07450026169
800,-0.7999750972,-0.07767027272999999
800,-0.7600311637,-1.726813847
800,-0.7200810313,-3.2067613209999997
800,-0.6801225543,-4.604812246
800,-0.6401561499,-5.923351273
800,-0.6001822948,-7.16233626
800,-0.5602013469,-8.321690373000001
800,-0.5202137828,-9.401346557
800,-0.4802201986,-10.401248930000001
800,-0.4402209222,-11.32134814
800,-0.40021649,-12.1616032
800,-0.3602074087,-12.921975929999999
800,-0.3201940954,-13.602434659999998
800,-0.2801771164,-14.202951449999999
800,-0.2401569188,-14.72350117
800,-0.2001340538,-15.164062379999999
800,-0.1601090133,-15.52461833
800,-0.1200823486,-15.805156899999998
800,-0.08005465567,-16.00566693
800,-0.04002669454,-16.12614654
800,-1.718553749e-16,-16.16645604
800,0.04002669454,-16.12614654
800,0.08005465567,-16.00566693
800,0.1200823486,-15.805156899999998
800,0.1601090133,-15.52461833
800,0.2001340538,-15.164062379999999
800,0.2401569188,-14.72350117
800,0.2801771164,-14.202951449999999
800,0.3201940954,-13.602434659999998
800,0.3602074087,-12.921975929999999
800,0.40021649,-12.1616032
800,0.4402209222,-11.32134814
800,0.4802201986,-10.401248930000001
800,0.5202137828,-9.401346557
800,0.5602013469,-8.321690373000001
800,0.6001822948,-7.16233626
800,0.6401561499,-5.923351273
800,0.6801225543,-4.604812246
800,0.7200810313,-3.2067613209999997
800,0.7600311637,-1.726813847
800,0.7999750972,-0.07767027272999999
800,0.8399764895,-0.07450026169
800,0.8799775243,-0.07207005547
800,0.9199783206,-0.06998698518
800,0.9599789977,-0.06813221989
800,0.9999796152,-0.06644572568
800,1.039980054,-0.06489129009
800,1.079980612,-0.06344472786
800,1.11998105,-0.06208880222
800,1.15998137,-0.06081061292
800,1.199981928,-0.05960016279
800,1.239982128,-0.05844951738
800,1.279982448,-0.05735221566
800,1.319982886,-0.05630290616
800,1.359983087,-0.05529710324
800,1.399983287,-0.054330990679999996
800,1.439983606,-0.053401276090000005
800,1.479983807,-0.05250511458
800,1.519984007,-0.05164001414
800,1.559984207,-0.050803770139999996
800,1.599984527,-0.04999443991
800,1.639984727,-0.04921028813
800,1.679984927,-0.0484497541
800,1.719985127,-0.04771144086
800,1.759985328,-0.04699408963999999
800,1.799985409,-0.04629656178
1600,-1.799983978,-0.04691578215
1600,-1.759983778,-0.04765508857
1600,-1.719983578,-0.04841806731
1600,-1.679983258,-0.04920638094
1600,-1.639983058,-0.05002190301
1600,-1.599982858,-0.05086677993
1600,-1.559982419,-0.05174347825
1600,-1.519982219,-0.05265482832
1600,-1.479981899,-0.05360416253
1600,-1.439981699,-0.0545953917
1600,-1.39998126,-0.05563321611
1600,-1.359980941,-0.05672333282
1600,-1.319980502,-0.05787282498
1600,-1.279980063,-0.05909067841
1600,-1.239979625,-0.060388669230000004
1600,-1.199979067,-0.06178285548
1600,-1.159978509,-0.06329638563000001
1600,-1.119977832,-0.06496549031
1600,-1.079977036,-0.06685518747
1600,-1.039976001,-0.06911944365
1600,-0.9999874234,-0.4600441898
1600,-0.9600823522,-2.503856784
1600,-0.9201641679,-4.383355379
1600,-0.880235076,-6.1811544
1600,-0.8402955532,-7.899554446000001
1600,-0.8003461361,-9.538523853000001
1600,-0.7603871226,-11.097989049999999
1600,-0.7204191685,-12.57786807
1600,-0.6804425716,-13.978107829999999
1600,-0.6404578686,-15.298643149999998
1600,-0.6004655957,-16.539419069999997
1600,-0.5604661703,-17.700387160000002
1600,-0.5204600692,-18.781503660000002
1600,-0.480447799,-19.78272386
1600,-0.4404298365,-20.70400864
1600,-0.4004066586,-21.545324469999997
1600,-0.3603788018,-22.30663784
1600,-0.3203466237,-22.987922649999998
1600,-0.28031075,-23.58915098
1600,-0.2402716279,-24.11030233
1600,-0.2002297789,-24.55135621
1600,-0.1601856947,-24.912297730000002
1600,-0.1201399416,-25.19311197
1600,-0.08009308577,-25.39379336
1600,-0.04004590958,-25.5143363
1600,-2.114772733e-16,-25.554632769999998
1600,0.04004590958,-25.5143363
1600,0.08009308577,-25.39379336
1600,0.1201399416,-25.19311197
1600,0.1601856947,-24.912297730000002
1600,0.2002297789,-24.55135621
1600,0.2402716279,-24.11030233
1600,0.28031075,-23.58915098
1600,0.3203466237,-22.987922649999998
1600,0.3603788018,-22.30663784
1600,0.4004066586,-21.545324469999997
1600,0.4404298365,-20.70400864
1600,0.480447799,-19.78272386
1600,0.5204600692,-18.781503660000002
1600,0.5604661703,-17.700387160000002
1600,0.6004655957,-16.539419069999997
1600,0.6404578686,-15.298643149999998
1600,0.6804425716,-13.978107829999999
1600,0.7204191685,-12.57786807
1600,0.7603871226,-11.097989049999999
1600,0.8003461361,-9.538523853000001
1600,0.8402955532,-7.899554446000001
1600,0.880235076,-6.1811544
1600,0.9201641679,-4.383355379
1600,0.9600823522,-2.503856784
1600,0.9999874234,-0.4600441898
1600,1.039976001,-0.06911944365
1600,1.079977036,-0.06685518747
1600,1.119977832,-0.06496549031
1600,1.159978509,-0.06329638563000001
1600,1.199979067,-0.06178285548
1600,1.239979625,-0.060388669230000004
1600,1.279980063,-0.05909067841
1600,1.319980502,-0.05787282498
1600,1.359980941,-0.05672333282
1600,1.39998126,-0.05563321611
1600,1.439981699,-0.0545953917
1600,1.479981899,-0.05360416253
1600,1.519982219,-0.05265482832
1600,1.559982419,-0.05174347825
1600,1.599982858,-0.05086677993
1600,1.639983058,-0.05002190301
1600,1.679983258,-0.04920638094
1600,1.719983578,-0.04841806731
1600,1.759983778,-0.04765508857
1600,1.799983978,-0.04691578215
2400,-1.799982905,-0.047467474360000005
2400,-1.759982705,-0.04824576172
2400,-1.719982505,-0.049051883250000004
2400,-1.679982185,-0.04988817091
2400,-1.639981866,-0.05075734589
2400,-1.599981666,-0.05166260962
2400,-1.559981227,-0.052607763790000005
2400,-1.519980907,-0.053597388610000005
2400,-1.479980588,-0.05463712296
2400,-1.439980149,-0.05573402086
2400,-1.399979711,-0.05689718455
2400,-1.359979272,-0.05813873577
2400,-1.319978714,-0.05947563841
2400,-1.279978037,-0.06093324191
2400,-1.239977479,-0.06255342305
2400,-1.199976683,-0.06441881851
2400,-1.159975529,-0.06680085062
2400,-1.120074272,-2.047867281
2400,-1.080188632,-4.234872293
2400,-1.040290713,-6.3513414930000005
2400,-1.000380635,-8.388942108
2400,-0.9604586363,-10.34732629
2400,-0.9205252528,-12.22638413
2400,-0.8805808425,-14.02603369
2400,-0.8406258821,-15.74619859
2400,-0.8006610274,-17.3868034
2400,-0.7606865168,-18.94778945
2400,-0.7207030058,-20.42908967
2400,-0.6807108521,-21.83065377
2400,-0.6407105327,-23.152424019999998
2400,-0.6007026434,-24.3943464
2400,-0.560687542,-25.55637807
2400,-0.5206657648,-26.638476179999998
2400,-0.4806377888,-27.640599759999997
2400,-0.4406040907,-28.562707829999997
2400,-0.4005651772,-29.40477058
2400,-0.3605215251,-30.1667545
2400,-0.3204735816,-30.848631639999997
2400,-0.2804218829,-31.450379639999998
2400,-0.2403669357,-31.971972440000002
2400,-0.2003092468,-32.41339326
2400,-0.1602492929,-32.77462721
2400,-0.1201876327,-33.055663110000005
2400,-0.08012484759,-33.25648606
2400,-0.04006173834,-33.37709978
2400,-2.497376325e-16,-33.4174037
2400,0.04006173834,-33.37709978
2400,0.08012484759,-33.25648606
2400,0.1201876327,-33.055663110000005
2400,0.1602492929,-32.77462721
2400,0.2003092468,-32.41339326
2400,0.2403669357,-31.971972440000002
2400,0.2804218829,-31.450379639999998
2400,0.3204735816,-30.848631639999997
2400,0.3605215251,-30.1667545
2400,0.4005651772,-29.40477058
2400,0.4406040907,-28.562707829999997
2400,0.4806377888,-27.640599759999997
2400,0.5206657648,-26.638476179999998
2400,0.560687542,-25.55637807
2400,0.6007026434,-24.3943464
2400,0.6407105327,-23.152424019999998
2400,0.6807108521,-21.83065377
2400,0.7207030058,-20.42908967
2400,0.7606865168,-18.94778945
2400,0.8006610274,-17.3868034
2400,0.8406258821,-15.74619859
2400,0.8805808425,-14.02603369
2400,0.9205252528,-12.22638413
2400,0.9604586363,-10.34732629
2400,1.000380635,-8.388942108
2400,1.040290713,-6.3513414930000005
2400,1.080188632,-4.234872293
2400,1.120074272,-2.047867281
2400,1.159975529,-0.06680085062
2400,1.199976683,-0.06441881851
2400,1.239977479,-0.06255342305
2400,1.279978037,-0.06093324191
2400,1.319978714,-0.05947563841
2400,1.359979272,-0.05813873577
2400,1.399979711,-0.05689718455
2400,1.439980149,-0.05573402086
2400,1.479980588,-0.05463712296
2400,1.519980907,-0.053597388610000005
2400,1.559981227,-0.052607763790000005
2400,1.599981666,-0.05166260962
2400,1.639981866,-0.05075734589
2400,1.679982185,-0.04988817091
2400,1.719982505,-0.049051883250000004
2400,1.759982705,-0.04824576172
2400,1.799982905,-0.047467474360000005
3600,-1.799981713,-0.04829632599
3600,-1.759981394,-0.04913877274
3600,-1.719981194,-0.0500173046
3600,-1.679980755,-0.050935970649999995
3600,-1.639980435,-0.051899751269999995
3600,-1.599979997,-0.05291490379
3600,-1.559979558,-0.05398950088
3600,-1.519979119,-0.05513430369
3600,-1.479978681,-0.05636436617
3600,-1.439978123,-0.057702185589999996
3600,-1.399977446,-0.059184989369999996
3600,-1.359976768,-0.06088634836
3600,-1.319975853,-0.06304680573999999
3600,-1.28012979,-2.705255523
3600,-1.240280628,-5.2211186849999995
3600,-1.200417042,-7.656852249
3600,-1.160539269,-10.01365483
3600,-1.120647669,-12.29144167
3600,-1.080742836,-14.49009869
3600,-1.04082489,-16.609549519999998
3600,-1.000894666,-18.64969172
3600,-0.9609524012,-20.61045356
3600,-0.9209987521,-22.491754959999998
3600,-0.8810340166,-24.29352701
3600,-0.8410587311,-26.01569705
3600,-0.801073432,-27.65819989
3600,-0.7610785365,-29.22097966
3600,-0.7210745811,-30.70397116
3600,-0.6810619235,-32.10712597
3600,-0.6410411,-33.43039006
3600,-0.6010127068,-34.673709419999994
3600,-0.5609770417,-35.83704308
3600,-0.5209346414,-36.92034632
3600,-0.4808861017,-37.9235819
3600,-0.4408318102,-38.84671256
3600,-0.4007722437,-39.68970105
3600,-0.3607079685,-40.45251757
3600,-0.3206393421,-41.13513604
3600,-0.2805669904,-41.73753411
3600,-0.2404913455,-42.2596857
3600,-0.2004129291,-42.70157218
3600,-0.1603322327,-43.06318238
3600,-0.1202498227,-43.34450141
3600,-0.08016624302,-43.54551807
3600,-0.0400823392,-43.66622865
3600,-3.819850983e-16,-43.70655119
3600,0.0400823392,-43.66622865
3600,0.08016624302,-43.54551807
3600,0.1202498227,-43.34450141
3600,0.1603322327,-43.06318238
3600,0.2004129291,-42.70157218
3600,0.2404913455,-42.2596857
3600,0.2805669904,-41.73753411
3600,0.3206393421,-41.13513604
3600,0.3607079685,-40.45251757
3600,0.4007722437,-39.68970105
3600,0.4408318102,-38.84671256
3600,0.4808861017,-37.9235819
3600,0.5209346414,-36.92034632
3600,0.5609770417,-35.83704308
3600,0.6010127068,-34.673709419999994
3600,0.6410411,-33.43039006
3600,0.6810619235,-32.10712597
3600,0.7210745811,-30.70397116
3600,0.7610785365,-29.22097966
3600,0.801073432,-27.65819989
3600,0.8410587311,-26.01569705
3600,0.8810340166,-24.29352701
3600,0.9209987521,-22.491754959999998
3600,0.9609524012,-20.61045356
3600,1.000894666,-18.64969172
3600,1.04082489,-16.609549519999998
3600,1.080742836,-14.49009869
3600,1.120647669,-12.29144167
3600,1.160539269,-10.01365483
3600,1.200417042,-7.656852249
3600,1.240280628,-5.2211186849999995
3600,1.28012979,-2.705255523
3600,1.319975853,-0.06304680573999999
3600,1.359976768,-0.06088634836
3600,1.399977446,-0.059184989369999996
3600,1.439978123,-0.057702185589999996
3600,1.479978681,-0.05636436617
3600,1.519979119,-0.05513430369
3600,1.559979558,-0.05398950088
3600,1.599979997,-0.05291490379
3600,1.639980435,-0.051899751269999995
3600,1.679980755,-0.050935970649999995
3600,1.719981194,-0.0500173046
3600,1.759981394,-0.04913877274
3600,1.799981713,-0.04829632599
