# LevelSetWear, data of Fig. 16 of
# I. Llavori, Wear simulation on a fixed mesh with level sets
# and immersed frictional contact,
# submitted for publication. Mondragon Unibertsitatea.
# https://github.com/illavori/LevelSetWear       BSD 3-Clause
# fretting test of McColl et al. (2004), 185 N, worn surface of the flat (wear depth, negative down)
# mesh motion model (UMESHMOTION) on the same mesh, single analysis, every third surface node (as plotted)
cycles,x_mm,y_um
1000,-0.49998438141809304,-0.0
1000,-0.469984293398533,-0.0
1000,-0.4399837083333334,-0.0
1000,-0.4099841246943765,-0.0
1000,-0.3799835392156863,-0.0
1000,-0.3499844951219511,-0.0
1000,-0.31998396088019565,-0.0
1000,-0.28998397799511005,-0.0
1000,-0.2599840244498777,-0.0
1000,-0.22998410513447434,-0.0
1000,-0.19998479024390245,-0.0
1000,-0.16998502926829268,-0.0
1000,-0.13998546341463416,-0.0
1000,-0.1099862117073171,-0.0
1000,-0.07998976853658538,-0.147914101000028
1000,-0.0499965343902439,-0.2819530206419428
1000,-0.020003588297560975,-0.3598689937577405
1000,0.009989660587804877,-0.372697289361301
1000,0.039983026097560985,-0.3171648950204
1000,0.06997696853658537,-0.20565480435771502
1000,0.09997313414634146,-0.0397507234
1000,0.1299725024390244,-0.0
1000,0.159972543902439,-0.0
1000,0.1899726780487805,-0.0
1000,0.21997288292682932,-0.0
1000,0.2499730951219512,-0.0
1000,0.2799733195121951,-0.0
1000,0.30997406112469433,-0.0
1000,0.33997376829268294,-0.0
1000,0.3699744987775061,-0.0
1000,0.3999742073170731,-0.0
1000,0.42997443170731703,-0.0
1000,0.45997469512195127,-0.0
1000,0.48997493658536606,-0.0
5000,-0.4999859643554689,-0.0
5000,-0.46998574584555236,-0.0
5000,-0.43998562347188275,-0.0
5000,-0.40998532321253667,-0.0
5000,-0.37998535308521053,-0.0
5000,-0.34998614299658365,-0.0
5000,-0.3199862747681796,-0.0
5000,-0.2899864724255735,-0.0
5000,-0.2599867271839922,-0.0
5000,-0.2299871210346511,-0.0
5000,-0.19998779365853658,-0.0
5000,-0.16998883317073174,-0.003107547
5000,-0.1399922307317073,-0.37830055387
5000,-0.10999619258536582,-0.6747704551139001
5000,-0.07999961600000002,-0.8944324316296315
5000,-0.050002794780487796,-1.0388366720754425
5000,-0.020005667568292685,-1.1137503049879405
5000,0.00999101362682927,-1.124859530990201
5000,0.03998807541463416,-1.0731856786748994
5000,0.06998545331707318,-0.954794032551315
5000,0.09998312809756094,-0.7634057792757
5000,0.1299803068292683,-0.4938931011
5000,0.1599770546608101,-0.1528316373
5000,0.1899760209960938,-0.0
5000,0.21997559297218158,-0.0
5000,0.24997546949731572,-0.0
5000,0.2799756858817783,-0.0
5000,0.3099758054740958,-0.0
5000,0.339975790913532,-0.0
5000,0.36997577197265624,-0.0
5000,0.3999757043902439,-0.0
5000,0.4299758565853658,-0.0
5000,0.45997600243902426,-0.0
5000,0.48997618243902435,-0.0
10000,-0.4999874162597658,-0.0
10000,-0.46998740122100113,-0.0
10000,-0.4399873801612509,-0.0
10000,-0.40998729713866466,-0.0
10000,-0.37998761314760493,-0.0
10000,-0.34998812884333813,-0.0
10000,-0.31998848402049285,-0.0
10000,-0.2899889116857771,-0.0
10000,-0.2599894884118077,-0.0
10000,-0.22999035886801664,-0.0
10000,-0.19999227756097557,-0.21170800437999998
10000,-0.16999668536585374,-0.66823014207
10000,-0.14000033585365854,-1.0558218200099634
10000,-0.11000235497560971,-1.3600386852402002
10000,-0.08000350434146343,-1.580205789824631
10000,-0.05000474875609754,-1.7229917454330421
10000,-0.020006218728292682,-1.7970007338239404
10000,0.009991436698780486,-1.8079342805322007
10000,0.039989676512195135,-1.7564680959609003
10000,0.06998870439024393,-1.6393881909752155
10000,0.09998837046341459,-1.4478812503600003
10000,0.1299877014634146,-1.1739773840601002
10000,0.1599853818004391,-0.8133536174879998
10000,0.18998146925329432,-0.3723882976
10000,0.21997893608197128,-0.0
10000,0.24997823835081728,-0.0
10000,0.2799779792531121,-0.0
10000,0.30997781274414066,-0.0
10000,0.33997764974371486,-0.0
10000,0.369977552464617,-0.0
10000,0.39997745024390235,-0.0
10000,0.4299774914634147,-0.0
10000,0.4599775348780487,-0.0
10000,0.4899776373170731,-0.0
18000,-0.4999894062202909,-0.0
18000,-0.46998966580697715,-0.0
18000,-0.43999006293232046,-0.0
18000,-0.40999025023748126,-0.0
18000,-0.37999071405317414,-0.0
18000,-0.3499913598536186,-0.0
18000,-0.31999203550616623,-0.0
18000,-0.2899929329177395,-0.0
18000,-0.25999428554004594,-0.0
18000,-0.22999798739666635,-0.52023290343
18000,-0.20000344444444446,-1.0811561201300002
18000,-0.17000712032520335,-1.5610923151900007
18000,-0.1400081859078591,-1.952689063538055
18000,-0.11000754799457993,-2.255438201339301
18000,-0.08000658887533876,-2.4743357054753305
18000,-0.05000638491869915,-2.6182611462217404
18000,-0.02000675874715447,-2.6942016946586413
18000,0.00999183520203252,-2.7054958556716993
18000,0.039991080840108405,-2.652340674141101
18000,0.06999133056910571,-2.5332463786574144
18000,0.0999927163143631,-2.3420845311045997
18000,0.12999447547425472,-2.069776045278101
18000,0.15999494972218456,-1.7081880991280003
18000,0.18999271455679048,-1.2562506189069997
18000,0.21998796476487337,-0.7207119629800002
18000,0.24998344301395853,-0.07734602219999999
18000,0.2799821009895623,-0.0
18000,0.30998137025488076,-0.0
18000,0.33998085021011243,-0.0
18000,0.36998049024125773,-0.0
18000,0.3999802098915989,-0.0
18000,0.42998005663956634,-0.0
18000,0.45997995149051485,-0.0
18000,0.489979924390244,-0.0
