# LevelSetWear, data of Fig. 12 of
# I. Llavori, Wear simulation on a fixed mesh with level sets
# and immersed frictional contact,
# submitted for publication. Mondragon Unibertsitatea.
# https://github.com/illavori/LevelSetWear       BSD 3-Clause
# cylinder on flat, half-contact width a = 0.091336 mm, peak pressure p0 = 836.41 MPa, friction coefficient 0.6, Q*/(mu P) = 0.5
# von Mises stress at the element centroids in loading (Q = Q*, Mindlin-Cattaneo),
# standard Abaqus contact and level set model (UEL) on the same mesh, |x| < 2.5 a, -2.5 a < y < 0
x_over_a,y_over_a,vm_standard_over_p0,vm_level_set_over_p0
-0.16422877244005588,-2.463431646818056,0.3240818875182302,0.32392601976426627
-0.16422877244005588,-2.353945741592043,0.33534851078935324,0.33517985434500097
-0.16422877244005588,-2.2444599130061254,0.3473005643007305,0.34711778709220104
-0.16422877244005588,-2.134974084420208,0.35997928032137105,0.35978088382940465
-0.16422877244005588,-2.0254882558342904,0.37342293924309966,0.3732073312971773
-0.16422877244005588,-1.9160024272483729,0.3876636471532809,0.3874291570493846
-0.16422877244005588,-1.8065165220223602,0.4027226361157686,0.4024674684598761
-0.16422877244005588,-1.6970306934364425,0.4186032214724374,0.418325608440564
-0.16422877244005588,-1.587544864850525,0.4352807379998127,0.4349789973291289
-0.16422877244005588,-1.4780589596245124,0.4526877441769669,0.4523605106106261
-0.16422877244005588,-1.3685730872442547,0.4706929618735487,0.47033945230404317
-0.16422877244005588,-1.2590872586583373,0.4890713287939072,0.48869162725694765
-0.16422877244005588,-1.1496014300724196,0.5074616504262559,0.5070574096805253
-0.16422877244005588,-1.0401156069607946,0.5253093098421646,0.5248836228007535
-0.16422877244005588,-0.930629738959971,0.541787395709028,0.5413464021653079
-0.16422877244005588,-0.8211438709591473,0.5557025595820132,0.5552530184750474
-0.16422877244005588,-0.7116580226657768,0.5653816011277054,0.5649321790710815
-0.16422877244005588,-0.6021721743724062,0.568608742025888,0.5681666899599305
-0.16422877244005588,-0.4926863260790356,0.5627571472035343,0.5623072522098448
-0.16422877244005588,-0.3832004679319385,0.5455547187445876,0.5451142705411671
-0.16422877244005588,-0.27371461963856797,0.5179044151512534,0.5172975328128918
-0.16422877244005588,-0.16422877244005588,0.488700419029877,0.48790462116653766
-0.16422877244005588,-0.054742924037199436,0.4822766015027636,0.4812580490469023
-0.27371461963856797,-2.463431646818056,0.31855774472656656,0.31841141704706133
-0.27371461963856797,-2.353945741592043,0.32939289325623466,0.32923506248692513
-0.27371461963856797,-2.2444599130061254,0.34086998329765855,0.3406995081986596
-0.27371461963856797,-2.134974084420208,0.35302636293381623,0.35284191833185763
-0.27371461963856797,-2.0254882558342904,0.36589651060641404,0.3656968015542456
-0.27371461963856797,-1.9160024272483729,0.3795094477458022,0.37929292581157126
-0.27371461963856797,-1.8065165220223602,0.393884482920895,0.39364958687630797
-0.27371461963856797,-1.6970306934364425,0.40902525075736307,0.40877035589301064
-0.27371461963856797,-1.587544864850525,0.42491104393546375,0.42463436019022466
-0.27371461963856797,-1.4780589596245124,0.44148403987177526,0.44118390208077357
-0.27371461963856797,-1.3685730872442547,0.4586313492502756,0.45830599105966835
-0.27371461963856797,-1.2590872586583373,0.47615851585852736,0.4758062836778651
-0.27371461963856797,-1.1496014300724196,0.4937525949814779,0.4933713748314817
-0.27371461963856797,-1.0401156069607946,0.5109275346708743,0.5105152546817557
-0.27371461963856797,-0.930629738959971,0.5269510677195904,0.5265027894953253
-0.27371461963856797,-0.8211438709591473,0.5407342184167936,0.5402451334078942
-0.27371461963856797,-0.7116580226657768,0.5507114013951472,0.5501654535424905
-0.27371461963856797,-0.6021721743724062,0.5546753296483965,0.5540611866559689
-0.27371461963856797,-0.4926863260790356,0.5498296599178041,0.5491257705358894
-0.27371461963856797,-0.3832004679319385,0.5333801839558343,0.5325357029834074
-0.27371461963856797,-0.27371461963856797,0.5051858117934731,0.5043886821087505
-0.27371461963856797,-0.16422877244005588,0.47613211609478656,0.47504174159844864
-0.27371461963856797,-0.054742924037199436,0.4751031726066218,0.4741816852591465
-0.3832004679319385,-2.463431646818056,0.3121695733891528,0.3120338639981475
-0.3832004679319385,-2.353945741592043,0.3224869264027724,0.3223411177438693
-0.3832004679319385,-2.2444599130061254,0.3333919841996302,0.3332351583286752
-0.3832004679319385,-2.134974084420208,0.3449165715693805,0.34474767313647314
-0.3832004679319385,-2.0254882558342904,0.35708966704878975,0.35690759628728563
-0.3832004679319385,-1.9160024272483729,0.36993518779936657,0.36973865390252325
-0.3832004679319385,-1.8065165220223602,0.38346831831165035,0.3832560158076455
-0.3832004679319385,-1.6970306934364425,0.39769056572524514,0.39746095650864494
-0.3832004679319385,-1.587544864850525,0.4125824744660156,0.41233385705729264
-0.3832004679319385,-1.4780589596245124,0.42809330797830636,0.42782372422340176
-0.3832004679319385,-1.3685730872442547,0.4441258836864429,0.443832894785572
-0.3832004679319385,-1.2590872586583373,0.46051527879898585,0.4601954538814074
-0.3832004679319385,-1.1496014300724196,0.4769967500190007,0.4766454871523082
-0.3832004679319385,-1.0401156069607946,0.4931611306206725,0.4927701101128227
-0.3832004679319385,-0.930629738959971,0.5083835453529523,0.5079419774636775
-0.3832004679319385,-0.8211438709591473,0.5217338396968447,0.521217054316067
-0.3832004679319385,-0.7116580226657768,0.5318134726779907,0.5311986629337662
-0.3832004679319385,-0.6021721743724062,0.5366443173132808,0.5358610318255975
-0.3832004679319385,-0.4926863260790356,0.5334168153983518,0.5324438736384656
-0.3832004679319385,-0.3832004679319385,0.519105237029677,0.5178612300488143
-0.3832004679319385,-0.27371461963856797,0.49252274938692975,0.4908949305479198
-0.3832004679319385,-0.16422877244005588,0.46301017782301757,0.4618688052450111
-0.3832004679319385,-0.054742924037199436,0.46851520228320265,0.4674537358085649
-0.4926863260790356,-2.463431646818056,0.30497305501020083,0.30484884430312525
-0.4926863260790356,-2.353945741592043,0.3146932138359904,0.3145604215664919
-0.4926863260790356,-2.2444599130061254,0.32493668473276704,0.32479461793622816
-0.4926863260790356,-2.134974084420208,0.3357281689888639,0.33557605278015634
-0.4926863260790356,-2.0254882558342904,0.34708927546446405,0.34692623160454483
-0.4926863260790356,-1.9160024272483729,0.35903640608077836,0.3588614841024825
-0.4926863260790356,-1.8065165220223602,0.37157781588207645,0.3713899466769869
-0.4926863260790356,-1.6970306934364425,0.3847093460580006,0.3845072969961779
-0.4926863260790356,-1.587544864850525,0.39840850657296434,0.39819074660580345
-0.4926863260790356,-1.4780589596245124,0.4126260460654392,0.41239061078239564
-0.4926863260790356,-1.3685730872442547,0.42727404739136615,0.4270180797961701
-0.4926863260790356,-1.2590872586583373,0.4422084857407261,0.44192795164152254
-0.4926863260790356,-1.1496014300724196,0.4572048744485535,0.45689282523956065
-0.4926863260790356,-1.0401156069607946,0.4719195790761475,0.4715659989576989
-0.4926863260790356,-0.930629738959971,0.4858387583813373,0.4854233008296932
-0.4926863260790356,-0.8211438709591473,0.4981835262667199,0.49768208774945366
-0.4926863260790356,-0.7116580226657768,0.5078190042234673,0.5071667801483976
-0.4926863260790356,-0.6021721743724062,0.5130018057574696,0.512161329351581
-0.4926863260790356,-0.4926863260790356,0.5114579879938592,0.5102149136786859
-0.4926863260790356,-0.3832004679319385,0.4999685375430286,0.4983880892738651
-0.4926863260790356,-0.27371461963856797,0.47744279601380374,0.4752407897994361
-0.4926863260790356,-0.16422877244005588,0.45268143210867634,0.4494974496881094
-0.4926863260790356,-0.054742924037199436,0.4657312102743532,0.46447653323319016
-0.6021721743724062,-2.463431646818056,0.2970342889724287,0.2969221995373219
-0.6021721743724062,-2.353945741592043,0.3060863992923361,0.3059673443860491
-0.6021721743724062,-2.2444599130061254,0.3155883699470499,0.3154618766032955
-0.6021721743724062,-2.134974084420208,0.3255562092232244,0.3254217504279013
-0.6021721743724062,-2.0254882558342904,0.33600213075636526,0.3358591675670038
-0.6021721743724062,-1.9160024272483729,0.34693260849680657,0.34678050978775044
-0.6021721743724062,-1.8065165220223602,0.358345720668017,0.3581837729888571
-0.6021721743724062,-1.6970306934364425,0.37022742284661675,0.3700547394690786
-0.6021721743724062,-1.587544864850525,0.3825465470579774,0.38236200095295375
-0.6021721743724062,-1.4780589596245124,0.3952479100406483,0.3950498369548139
-0.6021721743724062,-1.3685730872442547,0.4082423938074603,0.40802830261450557
-0.6021721743724062,-1.2590872586583373,0.4213935654489836,0.42115927645760187
-0.6021721743724062,-1.1496014300724196,0.4344973650740427,0.43423647658368647
-0.6021721743724062,-1.0401156069607946,0.4472547135943435,0.4469549337417225
-0.6021721743724062,-0.930629738959971,0.45922433848278693,0.4588688841410964
-0.6021721743724062,-0.8211438709591473,0.46976935314434043,0.4693188096230039
-0.6021721743724062,-0.7116580226657768,0.4779278743642244,0.4773464587354353
-0.6021721743724062,-0.6021721743724062,0.48237285169701666,0.48151580213756395
-0.6021721743724062,-0.4926863260790356,0.4810033078385294,0.47987068438187314
-0.6021721743724062,-0.3832004679319385,0.47192158783357196,0.4698660762383712
-0.6021721743724062,-0.27371461963856797,0.4531063175102338,0.4507859367175337
-0.6021721743724062,-0.16422877244005588,0.43695110953734206,0.4336814651476814
-0.6021721743724062,-0.054742924037199436,0.47674567260479217,0.47213909201781545
-0.7116580226657768,-2.463431646818056,0.28842849843981017,0.2883289629631884
-0.7116580226657768,-2.353945741592043,0.2967519243876405,0.2966470659155209
-0.7116580226657768,-2.2444599130061254,0.3054441232399031,0.3053336945467353
-0.7116580226657768,-2.134974084420208,0.3145110009086609,0.3143947912948605
-0.7116580226657768,-2.0254882558342904,0.3239535864240148,0.3238313190190364
-0.7116580226657768,-1.9160024272483729,0.3337660168710519,0.33363743977096905
-0.7116580226657768,-1.8065165220223602,0.3439329749714044,0.343797814175323
-0.7116580226657768,-1.6970306934364425,0.3544261734369452,0.35428403377356127
-0.7116580226657768,-1.587544864850525,0.365199761131154,0.36505007586973753
-0.7116580226657768,-1.4780589596245124,0.3761839695683981,0.37602581573588584
-0.7116580226657768,-1.3685730872442547,0.38727661557358295,0.38710825116396047
-0.7116580226657768,-1.2590872586583373,0.39833106558634546,0.3981496457859228
-0.7116580226657768,-1.1496014300724196,0.409139847601812,0.408939881925111
-0.7116580226657768,-1.0401156069607946,0.41940938941556144,0.4191826650126512
-0.7116580226657768,-0.930629738959971,0.4287274329279799,0.4284560975360378
-0.7116580226657768,-0.8211438709591473,0.4365010955387389,0.4361646357412546
-0.7116580226657768,-0.7116580226657768,0.4419012751729788,0.4414366154611008
-0.7116580226657768,-0.6021721743724062,0.44368087205543344,0.44306011181208255
-0.7116580226657768,-0.4926863260790356,0.4402705931537897,0.4392082108034445
-0.7116580226657768,-0.3832004679319385,0.42922448517869066,0.42796452280011865
-0.7116580226657768,-0.27371461963856797,0.41183853637053214,0.4084469899687836
-0.7116580226657768,-0.16422877244005588,0.40013475729749304,0.39764368108605325
-0.7116580226657768,-0.054742924037199436,0.4941953866025908,0.4893538105813428
-0.8211438709591473,-2.463431646818056,0.2792386236858533,0.2791518456515108
-0.8211438709591473,-2.353945741592043,0.28678429037783953,0.2866938165847899
-0.8211438709591473,-2.2444599130061254,0.2946118455250743,0.2945176607691421
-0.8211438709591473,-2.134974084420208,0.3027159786900519,0.302618124730211
-0.8211438709591473,-2.0254882558342904,0.3110850538406871,0.3109836183695233
-0.8211438709591473,-1.9160024272483729,0.319698855470896,0.31959396449624233
-0.8211438709591473,-1.8065165220223602,0.3285259105499875,0.3284177905014432
-0.8211438709591473,-1.6970306934364425,0.3375198297094103,0.33740864302588736
-0.8211438709591473,-1.587544864850525,0.3466144735118747,0.3465004035014385
-0.8211438709591473,-1.4780589596245124,0.3557175872163626,0.3556005784518095
-0.8211438709591473,-1.3685730872442547,0.36470194582650106,0.3645816844504092
-0.8211438709591473,-1.2590872586583373,0.3733936440444043,0.3732689652147497
-0.8211438709591473,-1.1496014300724196,0.3815548568111237,0.38142365739536127
-0.8211438709591473,-1.0401156069607946,0.38886026085617653,0.38871749810611234
-0.8211438709591473,-0.930629738959971,0.3948593681876252,0.39469848519643375
-0.8211438709591473,-0.8211438709591473,0.3989254383190933,0.39872855477476216
-0.8211438709591473,-0.7116580226657768,0.4001613732715154,0.39991555088982306
-0.8211438709591473,-0.6021721743724062,0.3972883608838645,0.3969265684591381
-0.8211438709591473,-0.4926863260790356,0.38841715193613874,0.3879607149878086
-0.8211438709591473,-0.3832004679319385,0.371145636012231,0.3702279654666586
-0.8211438709591473,-0.27371461963856797,0.3434203151896766,0.3430455492097737
-0.8211438709591473,-0.16422877244005588,0.32856679379925896,0.3235723249189953
-0.8211438709591473,-0.054742924037199436,0.5078161267199154,0.49867282381715144
-0.930629738959971,-2.463431646818056,0.26955353165670415,0.26947947787537974
-0.930629738959971,-2.353945741592043,0.2762850157763226,0.2762088440895992
-0.930629738959971,-2.2444599130061254,0.28320782550909435,0.2831297361998123
-0.930629738959971,-2.134974084420208,0.2903047544900181,0.2902250654690082
-0.930629738959971,-2.0254882558342904,0.2975504973245291,0.2974696383518435
-0.930629738959971,-1.9160024272483729,0.30490919933009347,0.3048276900245149
-0.930629738959971,-1.8065165220223602,0.31233132965054794,0.3122498259838531
-0.930629738959971,-1.6970306934364425,0.3197495960305326,0.3196689166259724
-0.930629738959971,-1.587544864850525,0.3270735054170888,0.32699456600969656
-0.930629738959971,-1.4780589596245124,0.3341821671582434,0.33410605505521934
-0.930629738959971,-1.3685730872442547,0.3409144085135441,0.34084226027419307
-0.930629738959971,-1.2590872586583373,0.34705503357517087,0.3469880869183602
-0.930629738959971,-1.1496014300724196,0.3523153564047594,0.35225467147436346
-0.930629738959971,-1.0401156069607946,0.35630443004487894,0.3562513704294498
-0.930629738959971,-0.930629738959971,0.3584852603729594,0.358440460185556
-0.930629738959971,-0.8211438709591473,0.35810719162997334,0.3580734481736195
-0.930629738959971,-0.7116580226657768,0.35408531919942937,0.3540663648307882
-0.930629738959971,-0.6021721743724062,0.34483765745536543,0.34484393687219095
-0.930629738959971,-0.4926863260790356,0.32783314476310516,0.32792560615661487
-0.930629738959971,-0.3832004679319385,0.2995777847559627,0.29978836705899353
-0.930629738959971,-0.27371461963856797,0.2546019333220694,0.25561355969182636
-0.930629738959971,-0.16422877244005588,0.20962848584319843,0.2152598491897996
-0.930629738959971,-0.054742924037199436,0.42247576735468106,0.4282707528919907
-1.0401156069607946,-2.463431646818056,0.2594660197869473,0.25940443488851433
-1.0401156069607946,-2.353945741592043,0.26536021278908467,0.2652979739458372
-1.0401156069607946,-2.2444599130061254,0.27135380369477197,0.27129135633093426
-1.0401156069607946,-2.134974084420208,0.27741753127064567,0.2773554410481562
-1.0401156069607946,-2.0254882558342904,0.28351216324242035,0.28345113836492364
-1.0401156069607946,-1.9160024272483729,0.2895857068878812,0.28952663406542073
-1.0401156069607946,-1.8065165220223602,0.2955698177706775,0.29551380885833267
-1.0401156069607946,-1.6970306934364425,0.30137511462525624,0.30132353853834415
-1.0401156069607946,-1.587544864850525,0.30688490016756154,0.306839467723649
-1.0401156069607946,-1.4780589596245124,0.31194678492160266,0.31190957567693683
-1.0401156069607946,-1.3685730872442547,0.31636105536246695,0.3163347069453323
-1.0401156069607946,-1.2590872586583373,0.3198644408042688,0.3198523089906231
-1.0401156069607946,-1.1496014300724196,0.3221066396830891,0.3221131712784923
-1.0401156069607946,-1.0401156069607946,0.32261489994611675,0.32264644884882254
-1.0401156069607946,-0.930629738959971,0.3207410059612343,0.32080661816717737
-1.0401156069607946,-0.8211438709591473,0.31556872249675716,0.3156859458256335
-1.0401156069607946,-0.7116580226657768,0.3057825709052464,0.305971963340005
-1.0401156069607946,-0.6021721743724062,0.2893469022993004,0.2896915212465764
-1.0401156069607946,-0.4926863260790356,0.26321809325523393,0.26373472036274404
-1.0401156069607946,-0.3832004679319385,0.22181126967037532,0.22314085640507877
-1.0401156069607946,-0.27371461963856797,0.15899690585948387,0.16082212574857407
-1.0401156069607946,-0.16422877244005588,0.0940846237636366,0.10066792033201678
-1.0401156069607946,-0.054742924037199436,0.3136936554864859,0.32321908923667547
-1.1496014300724196,-2.463431646818056,0.24907067405641625,0.24902110904003735
-1.1496014300724196,-2.353945741592043,0.2541179568248692,0.25406912150368455
-1.1496014300724196,-2.2444599130061254,0.2591737980197058,0.2591263007126812
-1.1496014300724196,-2.134974084420208,0.2641972476462875,0.2641518516281014
-1.1496014300724196,-2.0254882558342904,0.2691355682405263,0.2690932609736822
-1.1496014300724196,-1.9160024272483729,0.273921161194158,0.27388312122073566
-1.1496014300724196,-1.8065165220223602,0.27846745852638843,0.2784352018865595
-1.1496014300724196,-1.6970306934364425,0.28266364740432554,0.2826389952794871
-1.1496014300724196,-1.587544864850525,0.2863675880079803,0.2863528742740822
-1.1496014300724196,-1.4780589596245124,0.28939625369275435,0.28939442741361654
-1.1496014300724196,-1.3685730872442547,0.291512540103458,0.29152739978178366
-1.1496014300724196,-1.2590872586583373,0.2924066981142494,0.29244321796376854
-1.1496014300724196,-1.1496014300724196,0.2916691719604548,0.2917342992194164
-1.1496014300724196,-1.0401156069607946,0.2887509519689477,0.2888541948649062
-1.1496014300724196,-0.930629738959971,0.28289947830831974,0.28305663634455
-1.1496014300724196,-0.8211438709591473,0.2730648009650967,0.27329579684231137
-1.1496014300724196,-0.7116580226657768,0.2577153808886682,0.2580710558836644
-1.1496014300724196,-0.6021721743724062,0.234601499438389,0.2351155890076092
-1.1496014300724196,-0.4926863260790356,0.20008475540303386,0.20100681071117157
-1.1496014300724196,-0.3832004679319385,0.1486770698128603,0.14993648799715067
-1.1496014300724196,-0.27371461963856797,0.07258447515549077,0.07581692091015428
-1.1496014300724196,-0.16422877244005588,0.08403806571143038,0.07998533780953393
-1.1496014300724196,-0.054742924037199436,0.2674703230718143,0.2616432754288066
-1.2590872586583373,-2.463431646818056,0.2384616826654378,0.23842353499043353
-1.2590872586583373,-2.353945741592043,0.2426656765364388,0.24262946103830282
-1.2590872586583373,-2.2444599130061254,0.2467908081526517,0.24675729922710546
-1.2590872586583373,-2.134974084420208,0.2507853623279998,0.25075549403554503
-1.2590872586583373,-2.0254882558342904,0.2545842799524459,0.2545592291525268
-1.2590872586583373,-1.9160024272483729,0.25810580737430516,0.2580870063006404
-1.2590872586583373,-1.8065165220223602,0.26124708710897765,0.26123628518856395
-1.2590872586583373,-1.6970306934364425,0.2638783458660908,0.26387775379191636
-1.2590872586583373,-1.587544864850525,0.2658353435084117,0.26584769259013735
-1.2590872586583373,-1.4780589596245124,0.26690901985768684,0.26693783405344224
-1.2590872586583373,-1.3685730872442547,0.2668314672739813,0.2668811990278108
-1.2590872586583373,-1.2590872586583373,0.26525606454636685,0.2653326868203824
-1.2590872586583373,-1.1496014300724196,0.26172945776272927,0.26184083730464963
-1.2590872586583373,-1.0401156069607946,0.2556495363491775,0.25580722494647523
-1.2590872586583373,-0.930629738959971,0.24620468485247304,0.24642357374789067
-1.2590872586583373,-0.8211438709591473,0.23227303974471974,0.23258071990978194
-1.2590872586583373,-0.7116580226657768,0.21228229649606298,0.21270504935733514
-1.2590872586583373,-0.6021721743724062,0.1839395702900149,0.18456415372189108
-1.2590872586583373,-0.4926863260790356,0.1439098400621684,0.14475026778556552
-1.2590872586583373,-0.3832004679319385,0.08746336580109972,0.08880871779294501
-1.2590872586583373,-0.27371461963856797,0.02009407242869858,0.020131247350607596
-1.2590872586583373,-0.16422877244005588,0.1120498084794647,0.11158472434347577
-1.2590872586583373,-0.054742924037199436,0.23830765034932916,0.2394328965747948
-1.3685730872442547,-2.463431646818056,0.2277307246601706,0.22770324928548694
-1.3685730872442547,-2.353945741592043,0.23110751782624986,0.23108301291425806
-1.3685730872442547,-2.2444599130061254,0.23432358672464026,0.23430295089758543
-1.3685730872442547,-2.134974084420208,0.23731786125005835,0.23730213751438003
-1.3685730872442547,-2.0254882558342904,0.24001477348374142,0.24000527324228943
-1.3685730872442547,-1.9160024272483729,0.24232075095966785,0.24231904644909638
-1.3685730872442547,-1.8065165220223602,0.24411963279846002,0.24412767386632378
-1.3685730872442547,-1.6970306934364425,0.2452667504243827,0.24528690837084216
-1.3685730872442547,-1.587544864850525,0.245581195490915,0.2456164151676813
-1.3685730872442547,-1.4780589596245124,0.2448354669276886,0.24488943912666664
-1.3685730872442547,-1.3685730872442547,0.2427415430003835,0.24281897140297737
-1.3685730872442547,-1.2590872586583373,0.23893185800511824,0.23903872738051554
-1.3685730872442547,-1.1496014300724196,0.23293258225883862,0.23307690731862427
-1.3685730872442547,-1.0401156069607946,0.2241266771251897,0.22431857364828856
-1.3685730872442547,-0.930629738959971,0.21169957455029204,0.2119541379844614
-1.3685730872442547,-0.8211438709591473,0.1945657056938476,0.19489912551840946
-1.3685730872442547,-0.7116580226657768,0.17125877608043133,0.17170258829159368
-1.3685730872442547,-0.6021721743724062,0.1398005986882205,0.14036925725808608
-1.3685730872442547,-0.4926863260790356,0.09763534585585316,0.09837449631975159
-1.3685730872442547,-0.3832004679319385,0.042067873260444553,0.04291365738365229
-1.3685730872442547,-0.27371461963856797,0.03652639536412068,0.03606444425377429
-1.3685730872442547,-0.16422877244005588,0.12237545687555558,0.12219197055669685
-1.3685730872442547,-0.054742924037199436,0.21514377204804291,0.21442242488396454
-1.4780589596245124,-2.463431646818056,0.2169650211809965,0.21694737344863346
-1.4780589596245124,-2.353945741592043,0.2195419608058236,0.2195281582166357
-1.4780589596245124,-2.2444599130061254,0.2218837085935015,0.22187468773507651
-1.4780589596245124,-2.134974084420208,0.22392162412342043,0.2239185388835748
-1.4780589596245124,-2.0254882558342904,0.2255719131612671,0.22557611497378727
-1.4780589596245124,-1.9160024272483729,0.22673210327717683,0.22674522830914756
-1.4780589596245124,-1.8065165220223602,0.2272765845100296,0.22730062110731644
-1.4780589596245124,-1.6970306934364425,0.22705082363003123,0.22708820575200026
-1.4780589596245124,-1.587544864850525,0.22586406650985755,0.22591770872716604
-1.4780589596245124,-1.4780589596245124,0.22347968575764296,0.22355315838758935
-1.4780589596245124,-1.3685730872442547,0.21960257461450416,0.21970032587909516
-1.4780589596245124,-1.2590872586583373,0.21386258051350684,0.21399015260233875
-1.4780589596245124,-1.1496014300724196,0.20579260402580327,0.20595670225448154
-1.4780589596245124,-1.0401156069607946,0.1947995388400814,0.19500886682763796
-1.4780589596245124,-0.930629738959971,0.18012767782741407,0.18039172584026666
-1.4780589596245124,-0.8211438709591473,0.1608138436437205,0.16114561774420347
-1.4780589596245124,-0.7116580226657768,0.13564241479823322,0.13604990823792565
-1.4780589596245124,-0.6021721743724062,0.10314981250437803,0.10363940064092059
-1.4780589596245124,-0.4926863260790356,0.06176453998136533,0.0623212328374231
-1.4780589596245124,-0.3832004679319385,0.013767701019571916,0.014086003248150883
-1.4780589596245124,-0.27371461963856797,0.05507796387167686,0.05470823771427796
-1.4780589596245124,-0.16422877244005588,0.12456064231793475,0.12417689670515582
-1.4780589596245124,-0.054742924037199436,0.19643298830124384,0.19631152006421956
-1.587544864850525,-2.463431646818056,0.20624563141412625,0.2062368819347758
-1.587544864850525,-2.353945741592043,0.20805984623788779,0.20805561440200898
-1.587544864850525,-2.2444599130061254,0.20957316671902318,0.20957444559455954
-1.587544864850525,-2.134974084420208,0.21071142714330646,0.21071935327258767
-1.587544864850525,-2.0254882558342904,0.21138517214076968,0.21140113830958437
-1.587544864850525,-1.9160024272483729,0.2114863330005191,0.21151194547168276
-1.587544864850525,-1.8065165220223602,0.21088402781948049,0.21092124257421724
-1.587544864850525,-1.6970306934364425,0.20941941422696966,0.20947051369702524
-1.587544864850525,-1.587544864850525,0.20689911748621093,0.20696683914301603
-1.587544864850525,-1.4780589596245124,0.20308703868172662,0.20317462664742028
-1.587544864850525,-1.3685730872442547,0.1976940714847637,0.19780541972525534
-1.587544864850525,-1.2590872586583373,0.19036533255754284,0.19050496115676868
-1.587544864850525,-1.1496014300724196,0.1806646401898143,0.1808378744129188
-1.587544864850525,-1.0401156069607946,0.1680566290256444,0.16826919911005989
-1.587544864850525,-0.930629738959971,0.1518886298692032,0.15214682071403307
-1.587544864850525,-0.8211438709591473,0.1313779273661928,0.13168604352402047
-1.587544864850525,-0.7116580226657768,0.10562759705673658,0.10598650781774249
-1.587544864850525,-0.6021721743724062,0.07370605490241781,0.07410926473620988
-1.587544864850525,-0.4926863260790356,0.035152346186464886,0.035551992602739835
-1.587544864850525,-0.3832004679319385,0.015574691244394702,0.015335966756462134
-1.587544864850525,-0.27371461963856797,0.06632458240903524,0.06600255355077174
-1.587544864850525,-0.16422877244005588,0.12332702160776711,0.12308226320044251
-1.587544864850525,-0.054742924037199436,0.18118203989782788,0.18092682228862203
-1.6970306934364425,-2.463431646818056,0.1956461405776058,0.1956453418213431
-1.6970306934364425,-2.353945741592043,0.19674271053361847,0.19674694535219828
-1.6970306934364425,-2.2444599130061254,0.19748241126137292,0.19749264884200424
-1.6970306934364425,-2.134974084420208,0.19778766088755795,0.1978050369169293
-1.6970306934364425,-2.0254882558342904,0.19756600284837825,0.19759183385669982
-1.6970306934364425,-1.9160024272483729,0.19670707303989995,0.19674290877671563
-1.6970306934364425,-1.8065165220223602,0.19507896862120666,0.19512660268051113
-1.6970306934364425,-1.6970306934364425,0.1925238397439732,0.1925853736256342
-1.6970306934364425,-1.587544864850525,0.18885256327869424,0.18893040060059607
-1.6970306934364425,-1.4780589596245124,0.1838383586304808,0.18393528021729072
-1.6970306934364425,-1.3685730872442547,0.17720939947731862,0.17732854543279825
-1.6970306934364425,-1.2590872586583373,0.1686404514059793,0.16878529138898585
-1.6970306934364425,-1.1496014300724196,0.15774426076289239,0.15791841903914555
-1.6970306934364425,-1.0401156069607946,0.14406457077055376,0.1442715884125328
-1.6970306934364425,-0.930629738959971,0.1270743271634729,0.12731673535470173
-1.6970306934364425,-0.8211438709591473,0.10618987482512755,0.106468050077682
-1.6970306934364425,-0.7116580226657768,0.08081737644460898,0.08112826960012945
-1.6970306934364425,-0.6021721743724062,0.0505142086802493,0.05084346952256627
-1.6970306934364425,-0.4926863260790356,0.016120045369253048,0.01644974662557149
-1.6970306934364425,-0.3832004679319385,0.028358790467497962,0.02809242824814578
-1.6970306934364425,-0.27371461963856797,0.07296483673860105,0.07270554463186256
-1.6970306934364425,-0.16422877244005588,0.12061205890109399,0.12037404060912324
-1.6970306934364425,-0.054742924037199436,0.16843454411161438,0.16826389797967264
-1.8065165220223602,-2.463431646818056,0.18523161692936424,0.18523781489093952
-1.8065165220223602,-2.353945741592043,0.18566173073816336,0.18567330741070426
-1.8065165220223602,-2.2444599130061254,0.18568915617081508,0.18570702881594298
-1.8065165220223602,-2.134974084420208,0.18523499621255898,0.18526025894744494
-1.8065165220223602,-2.0254882558342904,0.1842063062385113,0.18424018746242493
-1.8065165220223602,-1.9160024272483729,0.18249355336003048,0.18253746791122907
-1.8065165220223602,-1.8065165220223602,0.17996765331143383,0.18002321644675948
-1.8065165220223602,-1.6970306934364425,0.17647647503568803,0.17654550260078655
-1.8065165220223602,-1.587544864850525,0.17184091024687587,0.17192544176457167
-1.8065165220223602,-1.4780589596245124,0.16585052943704512,0.16595279143976108
-1.8065165220223602,-1.3685730872442547,0.1582591039779596,0.158381502990656
-1.8065165220223602,-1.2590872586583373,0.14878053609565456,0.14892547673512652
-1.8065165220223602,-1.1496014300724196,0.13708646666311158,0.13725620290158583
-1.8065165220223602,-1.0401156069607946,0.12280787742489474,0.12300406157588147
-1.8065165220223602,-0.930629738959971,0.10554563165310513,0.1057686937783336
-1.8065165220223602,-0.8211438709591473,0.08489802551281507,0.08514657151728318
-1.8065165220223602,-0.7116580226657768,0.06053050172608724,0.060799141411108815
-1.8065165220223602,-0.6021721743724062,0.03239586389336692,0.03267973920137238
-1.8065165220223602,-0.4926863260790356,0.007505668941643849,0.0075578361941215505
-1.8065165220223602,-0.3832004679319385,0.038054638585394006,0.03782099662187922
-1.8065165220223602,-0.27371461963856797,0.07677857941339976,0.07655255777627255
-1.8065165220223602,-0.16422877244005588,0.11725138371637615,0.11705695649046524
-1.8065165220223602,-0.054742924037199436,0.157610314623872,0.15744232640051004
-1.9160024272483729,-2.463431646818056,0.17505806269960078,0.17507032651670565
-1.9160024272483729,-2.353945741592043,0.17487709099179322,0.17489491666291448
-1.9160024272483729,-2.2444599130061254,0.17425778665826253,0.17428204705931688
-1.9160024272483729,-2.134974084420208,0.17312182638959184,0.17315352178254642
-1.9160024272483729,-2.0254882558342904,0.17137807365717816,0.1714183307811051
-1.9160024272483729,-1.9160024272483729,0.16892054736348994,0.16897061966696622
-1.9160024272483729,-1.8065165220223602,0.16562616047788875,0.16568743488989923
-1.9160024272483729,-1.6970306934364425,0.16135227383305786,0.1614262866899968
-1.9160024272483729,-1.587544864850525,0.15593412049826097,0.15602251477722043
-1.9160024272483729,-1.4780589596245124,0.14918241158335724,0.14928689514906796
-1.9160024272483729,-1.3685730872442547,0.140881477143599,0.14100375320848646
-1.9160024272483729,-1.2590872586583373,0.13078882565345054,0.13093043213470396
-1.9160024272483729,-1.1496014300724196,0.11863735193239724,0.11879947505709795
-1.9160024272483729,-1.0401156069607946,0.10414292324556325,0.10432602979201212
-1.9160024272483729,-0.930629738959971,0.08702115304102027,0.08722465523786102
-1.9160024272483729,-0.8211438709591473,0.06702275529369606,0.06724429429064731
-1.9160024272483729,-0.7116580226657768,0.04401491121892865,0.04425141164849239
-1.9160024272483729,-0.6021721743724062,0.018434802583233136,0.01867919591017842
-1.9160024272483729,-0.4926863260790356,0.014190527250899237,0.014030301023029419
-1.9160024272483729,-0.3832004679319385,0.045008864867911634,0.04480432342163045
-1.9160024272483729,-0.27371461963856797,0.07880543467661714,0.07861255728927882
-1.9160024272483729,-0.16422877244005588,0.1136634025351431,0.1134898340204624
-1.9160024272483729,-0.054742924037199436,0.1482761793163672,0.1481320975502061
-2.0254882558342904,-2.463431646818056,0.1651722293670963,0.16518965740320088
-2.0254882558342904,-2.353945741592043,0.164437914950557,0.16446097346836042
-2.0254882558342904,-2.2444599130061254,0.16323941177905762,0.16326890650626846
-2.0254882558342904,-2.134974084420208,0.1615006278004022,0.16153744191484834
-2.0254882558342904,-2.0254882558342904,0.15913412522293224,0.1591792741970985
-2.0254882558342904,-1.9160024272483729,0.15603965168041048,0.1560941943403128
-2.0254882558342904,-1.8065165220223602,0.15210256568775757,0.15216768636081726
-2.0254882558342904,-1.6970306934364425,0.14719238428743486,0.1472693223627439
-2.0254882558342904,-1.587544864850525,0.14116142915299948,0.1412514401291387
-2.0254882558342904,-1.4780589596245124,0.1338441046802772,0.1339484469687096
-2.0254882558342904,-1.3685730872442547,0.1250571818305102,0.125176986108351
-2.0254882558342904,-1.2590872586583373,0.11460187589820507,0.11473803593618054
-2.0254882558342904,-1.1496014300724196,0.10226921255741854,0.1024221722524278
-2.0254882558342904,-1.0401156069607946,0.0878505843783403,0.08802015951511558
-2.0254882558342904,-0.930629738959971,0.07115760672796954,0.07134268301888626
-2.0254882558342904,-0.8211438709591473,0.052060745154781304,0.05225946483040662
-2.0254882558342904,-0.7116580226657768,0.03060462161907427,0.03081431832164017
-2.0254882558342904,-0.6021721743724062,0.00866245693229883,0.008848262661812099
-2.0254882558342904,-0.4926863260790356,0.02199952387036727,0.02183143089085472
-2.0254882558342904,-0.3832004679319385,0.04996145600463449,0.04978276525628832
-2.0254882558342904,-0.27371461963856797,0.07967923171171513,0.07950983177591392
-2.0254882558342904,-0.16422877244005588,0.11005268112585721,0.10990076025105729
-2.0254882558342904,-0.054742924037199436,0.14013070255767185,0.1399986633071762
-2.134974084420208,-2.463431646818056,0.15561170855583834,0.15563347670717592
-2.134974084420208,-2.353945741592043,0.15438251102693673,0.15440986218603903
-2.134974084420208,-2.2444599130061254,0.15267238106400144,0.15270605373481347
-2.134974084420208,-2.134974084420208,0.15040877652874168,0.15044954518272016
-2.134974084420208,-2.0254882558342904,0.14750944890232628,0.14755817346485103
-2.134974084420208,-1.9160024272483729,0.14388145128185245,0.14393903918434525
-2.134974084420208,-1.8065165220223602,0.13942024013317242,0.13948765025719184
-2.134974084420208,-1.6970306934364425,0.1340090430049248,0.13408725101398591
-2.134974084420208,-1.587544864850525,0.12751859425494838,0.12760853723296836
-2.134974084420208,-1.4780589596245124,0.11980762511413912,0.11991017493938984
-2.134974084420208,-1.3685730872442547,0.11072469396296003,0.11084053420205653
-2.134974084420208,-1.2590872586583373,0.10011191579953023,0.10024147527310148
-2.134974084420208,-1.1496014300724196,0.08781187278281317,0.08795516485345274
-2.134974084420208,-1.0401156069607946,0.0736795759119492,0.07383605955953057
-2.134974084420208,-0.930629738959971,0.0576033672165991,0.05777195848047164
-2.134974084420208,-0.8211438709591473,0.03955119521799996,0.03973030099641039
-2.134974084420208,-0.7116580226657768,0.019792885029910116,0.0199804986822222
-2.134974084420208,-0.6021721743724062,0.007247970890007138,0.007220237988543786
-2.134974084420208,-0.4926863260790356,0.028308633999570086,0.0281533756828188
-2.134974084420208,-0.3832004679319385,0.05346869333254584,0.053310801621910306
-2.134974084420208,-0.27371461963856797,0.07979422473734561,0.07964494442420575
-2.134974084420208,-0.16422877244005588,0.1065251879215968,0.10638914763548227
-2.134974084420208,-0.054742924037199436,0.13294781133492736,0.13282862663809178
-2.2444599130061254,-2.463431646818056,0.14640533990507518,0.14643068435763587
-2.2444599130061254,-2.353945741592043,0.1447390443221164,0.14476985462759842
-2.2444599130061254,-2.2444599130061254,0.1425832573298825,0.14262016976541356
-2.2444599130061254,-2.134974084420208,0.13987000323429777,0.1399136967835007
-2.2444599130061254,-2.0254882558342904,0.13652324824743095,0.13657445002017346
-2.2444599130061254,-1.9160024272483729,0.13245837216717019,0.1325178256465743
-2.2444599130061254,-1.8065165220223602,0.12758184738998996,0.12765031858673268
-2.2444599130061254,-1.6970306934364425,0.12179123214493309,0.12186945476765858
-2.2444599130061254,-1.587544864850525,0.11497573638466692,0.11506438624632204
-2.2444599130061254,-1.4780589596245124,0.10701761656722542,0.10711725255554297
-2.2444599130061254,-1.3685730872442547,0.09779490853433272,0.0979059111874781
-2.2444599130061254,-1.2590872586583373,0.08718604816168339,0.08730852751027068
-2.2444599130061254,-1.1496014300724196,0.0750774390213464,0.0752111596288508
-2.2444599130061254,-1.0401156069607946,0.06137579232009263,0.06152013377435554
-2.2444599130061254,-0.930629738959971,0.04603114627785228,0.046185115498121015
-2.2444599130061254,-0.8211438709591473,0.029104088616594588,0.029266638713640217
-2.2444599130061254,-0.7116580226657768,0.011378763623191563,0.01154273100503534
-2.2444599130061254,-0.6021721743724062,0.01246316469891573,0.012355523159473062
-2.2444599130061254,-0.4926863260790356,0.033250811006696246,0.033110058978534376
-2.2444599130061254,-0.3832004679319385,0.05592274787187461,0.055782359057912775
-2.2444599130061254,-0.27371461963856797,0.07940494755332969,0.07927170318061587
-2.2444599130061254,-0.16422877244005588,0.10313261752541401,0.10301037616989168
-2.2444599130061254,-0.054742924037199436,0.12655816706016798,0.12644901148990637
-2.353945741592043,-2.463431646818056,0.13757390911412679,0.1376021486012947
-2.353945741592043,-2.353945741592043,0.13552642594676495,0.13555992966779462
-2.353945741592043,-2.2444599130061254,0.13298804028938777,0.13302737796864145
-2.353945741592043,-2.134974084420208,0.12989603270681646,0.12994177577721208
-2.353945741592043,-2.0254882558342904,0.12618122125100686,0.12623397438671222
-2.353945741592043,-1.9160024272483729,0.12176782196210674,0.12182818384512546
-2.353945741592043,-1.8065165220223602,0.11657356108059283,0.11664211985309207
-2.353945741592043,-1.6970306934364425,0.11051020434426388,0.11058750539467026
-2.353945741592043,-1.587544864850525,0.10348463751954116,0.10357113331020563
-2.353945741592043,-1.4780589596245124,0.09540084545404884,0.09549688424014235
-2.353945741592043,-1.3685730872442547,0.08616312855157511,0.08626885735882592
-2.353945741592043,-1.2590872586583373,0.07568105386424426,0.07579639712413831
-2.353945741592043,-1.1496014300724196,0.06387720683288671,0.0640018250849928
-2.353945741592043,-1.0401156069607946,0.05070013604655136,0.05083341398667025
-2.353945741592043,-0.930629738959971,0.036153028927667565,0.036294221254035995
-2.353945741592043,-0.8211438709591473,0.02041880905110003,0.020567068624683937
-2.353945741592043,-0.7116580226657768,0.006289071742193504,0.006385998570837846
-2.353945741592043,-0.6021721743724062,0.01778782680639776,0.017673442193607985
-2.353945741592043,-0.4926863260790356,0.037099571586701276,0.03697230269162082
-2.353945741592043,-0.3832004679319385,0.05760090392808846,0.05747502979244902
-2.353945741592043,-0.27371461963856797,0.07867914811028039,0.07855941214386532
-2.353945741592043,-0.16422877244005588,0.09989853552542526,0.09978767457002455
-2.353945741592043,-0.054742924037199436,0.12083073159644662,0.12073059892198872
-2.463431646818056,-2.463431646818056,0.12913086783997657,0.12916138243640413
-2.463431646818056,-2.353945741592043,0.12675534166221467,0.12679089574174554
-2.463431646818056,-2.2444599130061254,0.12389357736992886,0.12393464181521824
-2.463431646818056,-2.134974084420208,0.1204884739738405,0.12053554319890844
-2.463431646818056,-2.0254882558342904,0.11647798810266634,0.1165315386100191
-2.463431646818056,-1.9160024272483729,0.1117952487725348,0.11185576209883397
-2.463431646818056,-1.8065165220223602,0.10636902647640689,0.10643694300560398
-2.463431646818056,-1.6970306934364425,0.1001245756302817,0.10020028369022566
-2.463431646818056,-1.587544864850525,0.0929851037836836,0.09306889959364213
-2.463431646818056,-1.4780589596245124,0.08487400988930908,0.08496605547341715
-2.463431646818056,-1.3685730872442547,0.07571830165998844,0.07581861745415185
-2.463431646818056,-1.2590872586583373,0.06545362302279167,0.06556203507415496
-2.463431646818056,-1.1496014300724196,0.054032177540389525,0.0541483148881878
-2.463431646818056,-1.0401156069607946,0.04143747873536232,0.041560819560590496
-2.463431646818056,-0.930629738959971,0.027727269234234877,0.027857314541671657
-2.463431646818056,-0.8211438709591473,0.013327652209211184,0.013462203150169891
-2.463431646818056,-0.7116580226657768,0.007215758682271159,0.007181293616504409
-2.463431646818056,-0.6021721743724062,0.022313240140914282,0.02220395790223669
-2.463431646818056,-0.4926863260790356,0.04008913590735473,0.039973746649911164
-2.463431646818056,-0.3832004679319385,0.05870132321138581,0.0585877231380687
-2.463431646818056,-0.27371461963856797,0.0777300233537714,0.0776215998798036
-2.463431646818056,-0.16422877244005588,0.09683069377280318,0.0967296135749665
-2.463431646818056,-0.054742924037199436,0.11566287155166625,0.11557051925712025
2.463431646818056,-2.463431646818056,0.23198357036493322,0.23195163261480847
2.463431646818056,-2.353945741592043,0.234269504542187,0.23424032237587464
2.463431646818056,-2.2444599130061254,0.23632661390316387,0.2363008897559522
2.463431646818056,-2.134974084420208,0.2381078092152778,0.23808635172540835
2.463431646818056,-2.0254882558342904,0.2395593903194542,0.23954313242318875
2.463431646818056,-1.9160024272483729,0.2406204328442176,0.24061044731029532
2.463431646818056,-1.8065165220223602,0.24122212245378521,0.24121957436790864
2.463431646818056,-1.6970306934364425,0.24128714535052898,0.24129337004324128
2.463431646818056,-1.587544864850525,0.24072935973513962,0.24074575098869389
2.463431646818056,-1.4780589596245124,0.23945361497610781,0.23948166701894733
2.463431646818056,-1.3685730872442547,0.2373561725937924,0.2373974208919627
2.463431646818056,-1.2590872586583373,0.23432580409343198,0.23438173391539455
2.463431646818056,-1.1496014300724196,0.23024589313584926,0.23031786911149696
2.463431646818056,-1.0401156069607946,0.22499802082563142,0.22508714520290513
2.463431646818056,-0.930629738959971,0.21846725641767026,0.21857428149892144
2.463431646818056,-0.8211438709591473,0.2105494588345808,0.21067461630065565
2.463431646818056,-0.7116580226657768,0.20116056032137333,0.20130347314087166
2.463431646818056,-0.6021721743724062,0.19024739460134624,0.19040695721745596
2.463431646818056,-0.4926863260790356,0.17779900578612157,0.17797340052014235
2.463431646818056,-0.3832004679319385,0.1638570699353944,0.1640436812729152
2.463431646818056,-0.27371461963856797,0.14852338628096554,0.14871903225927255
2.463431646818056,-0.16422877244005588,0.1319628150815764,0.13216373098455395
2.463431646818056,-0.054742924037199436,0.11440027103241282,0.11460247322706235
2.353945741592043,-2.463431646818056,0.2396022913173794,0.23956323960106451
2.353945741592043,-2.353945741592043,0.2423641757723757,0.24232747398629426
2.353945741592043,-2.2444599130061254,0.24492095051033985,0.24488732115651227
2.353945741592043,-2.134974084420208,0.24722437467746025,0.24719468936975836
2.353945741592043,-2.0254882558342904,0.2492187929616168,0.24919404360850597
2.353945741592043,-1.9160024272483729,0.25084018858298585,0.2508215574345638
2.353945741592043,-1.8065165220223602,0.25201523023658673,0.25200403478720385
2.353945741592043,-1.6970306934364425,0.2526602983598049,0.2526580493696197
2.353945741592043,-1.587544864850525,0.25268055872460976,0.25268892081756755
2.353945741592043,-1.4780589596245124,0.25196931180865184,0.25199008912985926
2.353945741592043,-1.3685730872442547,0.2504076742029407,0.25044279146034265
2.353945741592043,-1.2590872586583373,0.24786500937849068,0.2479164141949255
2.353945741592043,-1.1496014300724196,0.2442004665366033,0.2442699930121708
2.353945741592043,-1.0401156069607946,0.2392661870700086,0.23935547353421613
2.353945741592043,-0.930629738959971,0.23291281873475753,0.23302306604341197
2.353945741592043,-0.8211438709591473,0.22499799642668866,0.2251298361695201
2.353945741592043,-0.7116580226657768,0.2153979473458806,0.21555124155556024
2.353945741592043,-0.6021721743724062,0.20402213386877602,0.20419580409081595
2.353945741592043,-0.4926863260790356,0.19082960242176072,0.1910216102087254
2.353945741592043,-0.3832004679319385,0.17584506389063545,0.17605243734746207
2.353945741592043,-0.27371461963856797,0.15917171356209825,0.15939046137562304
2.353945741592043,-0.16422877244005588,0.14099757922520553,0.1412231851798812
2.353945741592043,-0.054742924037199436,0.12159329535302725,0.12182057805291698
2.2444599130061254,-2.463431646818056,0.2473161721770213,0.24726932049276923
2.2444599130061254,-2.353945741592043,0.25059014791483664,0.25054511416193015
2.2444599130061254,-2.2444599130061254,0.2536887768821497,0.2536462956377904
2.2444599130061254,-2.134974084420208,0.25656353879667293,0.25652451441166074
2.2444599130061254,-2.0254882558342904,0.25915774519272955,0.25912321977371444
2.2444599130061254,-1.9160024272483729,0.2614053201571664,0.261376545246298
2.2444599130061254,-1.8065165220223602,0.2632294727795082,0.2632079338727092
2.2444599130061254,-1.6970306934364425,0.26454129678611926,0.26452866765073607
2.2444599130061254,-1.587544864850525,0.2652382154164706,0.2652364571974723
2.2444599130061254,-1.4780589596245124,0.26520262260460103,0.265213897922112
2.2444599130061254,-1.3685730872442547,0.2643005898587891,0.2643272472953009
2.2444599130061254,-1.2590872586583373,0.26238125719349986,0.2624258066969686
2.2444599130061254,-1.1496014300724196,0.2592772259799979,0.2593421549119585
2.2444599130061254,-1.0401156069607946,0.25480670428323715,0.25489433915661486
2.2444599130061254,-0.930629738959971,0.24877861020142705,0.24889083297595382
2.2444599130061254,-0.8211438709591473,0.2410015370534787,0.24113957043104395
2.2444599130061254,-0.7116580226657768,0.2312977541549231,0.23146184052431998
2.2444599130061254,-0.6021721743724062,0.21952254187210646,0.2197117528026439
2.2444599130061254,-0.4926863260790356,0.2055876229221524,0.2057997813940801
2.2444599130061254,-0.3832004679319385,0.18948605406169003,0.18971749721646744
2.2444599130061254,-0.27371461963856797,0.17131371208015359,0.171559898231971
2.2444599130061254,-0.16422877244005588,0.1512824571335712,0.15153735425927523
2.2444599130061254,-0.054742924037199436,0.12971984511252,0.12997747108176003
2.134974084420208,-2.463431646818056,0.2550869521605603,0.25503161840184124
2.134974084420208,-2.353945741592043,0.25890750948421515,0.2588533242785781
2.134974084420208,-2.2444599130061254,0.26258886509163115,0.26253655066032333
2.134974084420208,-2.134974084420208,0.26608324002590816,0.26603370965802947
2.134974084420208,-2.0254882558342904,0.26933406525919473,0.269288384899182
2.134974084420208,-1.9160024272483729,0.2722745214813882,0.27223400198835207
2.134974084420208,-1.8065165220223602,0.2748258260714074,0.274792050582046
2.134974084420208,-1.6970306934364425,0.27689534353866546,0.2768701951162527
2.134974084420208,-1.587544864850525,0.27837442385516914,0.27836010517154974
2.134974084420208,-1.4780589596245124,0.27913606750331466,0.27913509822653526
2.134974084420208,-1.3685730872442547,0.2790325479815587,0.2790478338687454
2.134974084420208,-1.2590872586583373,0.2778932488162644,0.2779279304233788
2.134974084420208,-1.1496014300724196,0.2755232155856365,0.2755806141895309
2.134974084420208,-1.0401156069607946,0.2717033465944219,0.2717866768502474
2.134974084420208,-0.930629738959971,0.266193601562955,0.26630581170397744
2.134974084420208,-0.8211438709591473,0.25874131582158516,0.2588844272294856
2.134974084420208,-0.7116580226657768,0.24909670304104659,0.2492717404251444
2.134974084420208,-0.6021721743724062,0.2370373387866186,0.23724360458338742
2.134974084420208,-0.4926863260790356,0.22240127024275064,0.22263635737942591
2.134974084420208,-0.3832004679319385,0.20512523822010503,0.2053851977537176
2.134974084420208,-0.27371461963856797,0.18528127651484572,0.18555984935973993
2.134974084420208,-0.16422877244005588,0.1631018531830412,0.16339258807916673
2.134974084420208,-0.054742924037199436,0.1389855186425786,0.13927922911215415
2.0254882558342904,-2.463431646818056,0.262870152750249,0.2628056846536524
2.0254882558342904,-2.353945741592043,0.2672690813773041,0.2672049475270426
2.0254882558342904,-2.2444599130061254,0.27157146943743055,0.27150835003888224
2.0254882558342904,-2.134974084420208,0.27573141829669234,0.27567018888697276
2.0254882558342904,-2.0254882558342904,0.2796938544303971,0.2796355880870243
2.0254882558342904,-1.9160024272483729,0.28339277912764693,0.2833388079365466
2.0254882558342904,-1.8065165220223602,0.28674928544995093,0.2867012452633211
2.0254882558342904,-1.6970306934364425,0.2896691626840529,0.28962904539232115
2.0254882558342904,-1.587544864850525,0.29204004442004966,0.2920103331305379
2.0254882558342904,-1.4780589596245124,0.293728205624707,0.29371177918759356
2.0254882558342904,-1.3685730872442547,0.2945747765734448,0.2945750463359821
2.0254882558342904,-1.2590872586583373,0.29439169813823335,0.2944126011368191
2.0254882558342904,-1.1496014300724196,0.2929577739668281,0.29300361177935386
2.0254882558342904,-1.0401156069607946,0.29001552141056947,0.2900908576365765
2.0254882558342904,-0.930629738959971,0.2852706890642509,0.2853796687399856
2.0254882558342904,-0.8211438709591473,0.27839713431318414,0.2785435005865322
2.0254882558342904,-0.7116580226657768,0.26905146085056975,0.26923693938962107
2.0254882558342904,-0.6021721743724062,0.2569016986674545,0.25712653057200796
2.0254882558342904,-0.4926863260790356,0.24167228106606806,0.241933955717631
2.0254882558342904,-0.3832004679319385,0.22320288060871288,0.22349603871133558
2.0254882558342904,-0.27371461963856797,0.2015097479535018,0.20182836244487304
2.0254882558342904,-0.16422877244005588,0.17683496987579894,0.17716804570106642
2.0254882558342904,-0.054742924037199436,0.14966393936977423,0.1500039579121468
1.9160024272483729,-2.463431646818056,0.27061510610775397,0.27054090202174985
1.9160024272483729,-2.353945741592043,0.27562032251742846,0.2755454817019453
1.9160024272483729,-2.2444599130061254,0.2805780479076601,0.2805031901527714
1.9160024272483729,-2.134974084420208,0.28544553140669526,0.28537143702005796
1.9160024272483729,-2.0254882558342904,0.2901706998002597,0.2900983880187907
1.9160024272483729,-1.9160024272483729,0.2946901670665293,0.2946209303774217
1.9160024272483729,-1.8065165220223602,0.2989270852490519,0.29886260628557665
1.9160024272483729,-1.6970306934364425,0.3027882538443613,0.30273056806585114
1.9160024272483729,-1.587544864850525,0.30616082133057443,0.3061125449249182
1.9160024272483729,-1.4780589596245124,0.3089080027713776,0.3088723735944344
1.9160024272483729,-1.3685730872442547,0.31086409293151396,0.31084501837367845
1.9160024272483729,-1.2590872586583373,0.3118283449026794,0.3118305425273699
1.9160024272483729,-1.1496014300724196,0.3115577994795574,0.31158682320056874
1.9160024272483729,-1.0401156069607946,0.3097598950903192,0.3098217041292947
1.9160024272483729,-0.930629738959971,0.30608534624635453,0.3061866030841365
1.9160024272483729,-0.8211438709591473,0.30012601949168877,0.30027180091219086
1.9160024272483729,-0.7116580226657768,0.29142247118230064,0.2916176031894252
1.9160024272483729,-0.6021721743724062,0.27949249386869995,0.27973707551030336
1.9160024272483729,-0.4926863260790356,0.2638882889127129,0.2641804366315682
1.9160024272483729,-0.3832004679319385,0.24428369239030437,0.24461802280962178
1.9160024272483729,-0.27371461963856797,0.2205801791313995,0.22094511178161372
1.9160024272483729,-0.16422877244005588,0.19299876962455523,0.19338794923859667
1.9160024272483729,-0.054742924037199436,0.1621292179006549,0.1625213708115678
1.8065165220223602,-2.463431646818056,0.27826514548075476,0.2781806969593754
1.8065165220223602,-2.353945741592043,0.28389942091484277,0.2838132138587507
1.8065165220223602,-2.2444599130061254,0.2895413206390457,0.28945385855224465
1.8065165220223602,-2.134974084420208,0.29515249425389284,0.29506445743584897
1.8065165220223602,-2.0254882558342904,0.30068538533575995,0.30059765322000226
1.8065165220223602,-1.9160024272483729,0.3060811808391865,0.3059949594013337
1.8065165220223602,-1.8065165220223602,0.3112674338829586,0.31118429027004685
1.8065165220223602,-1.6970306934364425,0.3161549717585318,0.31607696136506475
1.8065165220223602,-1.587544864850525,0.32063407480987977,0.32056384147244216
1.8065165220223602,-1.4780589596245124,0.32456969356224846,0.3245106278056602
1.8065165220223602,-1.3685730872442547,0.32779513867934856,0.32775156319122517
1.8065165220223602,-1.2590872586583373,0.3301041120158349,0.3300815689410801
1.8065165220223602,-1.1496014300724196,0.33124061156467693,0.3312456879547411
1.8065165220223602,-1.0401156069607946,0.33088584572509955,0.3309268723517305
1.8065165220223602,-0.930629738959971,0.3286437759185573,0.32872925162365024
1.8065165220223602,-0.8211438709591473,0.3240247203546773,0.32416512549098997
1.8065165220223602,-0.7116580226657768,0.3164381635718684,0.3166385512270155
1.8065165220223602,-0.6021721743724062,0.3052064207834571,0.3054732549065168
1.8065165220223602,-0.4926863260790356,0.2896261975081713,0.28995441651882403
1.8065165220223602,-0.3832004679319385,0.2690939420937415,0.2694758901585343
1.8065165220223602,-0.27371461963856797,0.24328081394505421,0.2437099314547084
1.8065165220223602,-0.16422877244005588,0.2123183813579295,0.21276731520122774
1.8065165220223602,-0.054742924037199436,0.17690735454100295,0.17738111434631315
1.6970306934364425,-2.463431646818056,0.2857579935323444,0.2856629097385315
1.6970306934364425,-2.353945741592043,0.29203775620615696,0.29193965677868583
1.6970306934364425,-2.2444599130061254,0.298385631483908,0.298284855349262
1.6970306934364425,-2.134974084420208,0.3047689165390824,0.30466597103060683
1.6970306934364425,-2.0254882558342904,0.31114607255191684,0.3110416933754608
1.6970306934364425,-1.9160024272483729,0.3174647303402037,0.3173598980089402
1.6970306934364425,-1.8065165220223602,0.32365920828787753,0.3235552935727489
1.6970306934364425,-1.6970306934364425,0.32964739810726823,0.3295463123249106
1.6970306934364425,-1.587544864850525,0.3353267473553908,0.33523100922061344
1.6970306934364425,-1.4780589596245124,0.34056911375376575,0.34048209362880744
1.6970306934364425,-1.3685730872442547,0.34521377800468134,0.3451400285324913
1.6970306934364425,-1.2590872586583373,0.3490583239291947,0.3490037483263471
1.6970306934364425,-1.1496014300724196,0.35184579528476145,0.35181833773338494
1.6970306934364425,-1.0401156069607946,0.35324770050174836,0.353257072555619
1.6970306934364425,-0.930629738959971,0.35283923246520965,0.3528987651613769
1.6970306934364425,-0.8211438709591473,0.3500704403367825,0.3501923642214943
1.6970306934364425,-0.7116580226657768,0.34422484446265056,0.34442845565308916
1.6970306934364425,-0.6021721743724062,0.334398416366494,0.33468307585780255
1.6970306934364425,-0.4926863260790356,0.31953042574234003,0.31990539026487097
1.6970306934364425,-0.3832004679319385,0.29855546360144947,0.2990034029108793
1.6970306934364425,-0.27371461963856797,0.2707018994215842,0.2711966462449804
1.6970306934364425,-0.16422877244005588,0.23584088807249706,0.23639495535208907
1.6970306934364425,-0.054742924037199436,0.1947696341325888,0.1953031415298229
1.587544864850525,-2.463431646818056,0.2930264769505502,0.29292050623668814
1.587544864850525,-2.353945741592043,0.2999606163035795,0.299850241678836
1.587544864850525,-2.2444599130061254,0.3070278260065241,0.3069131907136693
1.587544864850525,-2.134974084420208,0.31420210013399014,0.31408351052826017
1.587544864850525,-2.0254882558342904,0.3214492571879572,0.3213271794206963
1.587544864850525,-1.9160024272483729,0.3287250376246245,0.328600196516395
1.587544864850525,-1.8065165220223602,0.33597271773500853,0.33584618110933206
1.587544864850525,-1.6970306934364425,0.3431200387271421,0.3429933631320997
1.587544864850525,-1.587544864850525,0.3500753669234126,0.3499507395789417
1.587544864850525,-1.4780589596245124,0.35672255659368785,0.3566030699945095
1.587544864850525,-1.3685730872442547,0.3629140438650414,0.3628040364911447
1.587544864850525,-1.2590872586583373,0.3684613182360946,0.36836684478979054
1.587544864850525,-1.1496014300724196,0.3731214992146492,0.3730507625328871
1.587544864850525,-1.0401156069607946,0.3765768661988716,0.37654191323911845
1.587544864850525,-0.930629738959971,0.37840662153143345,0.3784219282775093
1.587544864850525,-0.8211438709591473,0.3780373603183871,0.37812685488970277
1.587544864850525,-0.7116580226657768,0.3746855601513047,0.3748662646209277
1.587544864850525,-0.6021721743724062,0.36724265646112625,0.3675593602988119
1.587544864850525,-0.4926863260790356,0.3542092266224939,0.3546298858560201
1.587544864850525,-0.3832004679319385,0.33379795726594835,0.33433433998067086
1.587544864850525,-0.27371461963856797,0.3043628167876598,0.3049860238287669
1.587544864850525,-0.16422877244005588,0.2651443069370911,0.26575442034084024
1.587544864850525,-0.054742924037199436,0.21689241436182033,0.21763303412405524
1.4780589596245124,-2.463431646818056,0.29999940867244973,0.2998824833744541
1.4780589596245124,-2.353945741592043,0.3075882514541514,0.30746544378782237
1.4780589596245124,-2.2444599130061254,0.3153783692420221,0.31524960639789457
1.4780589596245124,-2.134974084420208,0.3233513008463014,0.32321660450345413
1.4780589596245124,-2.0254882558342904,0.331481305476917,0.3313408360789757
1.4780589596245124,-1.9160024272483729,0.33973351927814555,0.33958762295383776
1.4780589596245124,-1.8065165220223602,0.3480618572348642,0.34791120486143706
1.4780589596245124,-1.6970306934364425,0.356406153886605,0.3562517748988317
1.4780589596245124,-1.587544864850525,0.36468862029368954,0.3645321682118614
1.4780589596245124,-1.4780589596245124,0.37280929284994957,0.37265321861803774
1.4780589596245124,-1.3685730872442547,0.38063971689938847,0.38048766676748824
1.4780589596245124,-1.2590872586583373,0.3880144509482208,0.3878718260481373
1.4780589596245124,-1.1496014300724196,0.39471828735038056,0.3945932539511289
1.4780589596245124,-1.0401156069607946,0.4004678734157921,0.4003717982671452
1.4780589596245124,-0.930629738959971,0.4048794212452476,0.4048313406133226
1.4780589596245124,-0.8211438709591473,0.40742414974094115,0.4074459452853882
1.4780589596245124,-0.7116580226657768,0.40732507622833125,0.4074658003707882
1.4780589596245124,-0.6021721743724062,0.40344779610194464,0.40372724057726994
1.4780589596245124,-0.4926863260790356,0.3939420940596836,0.39449584095883006
1.4780589596245124,-0.3832004679319385,0.37601379949205727,0.3766668073264106
1.4780589596245124,-0.27371461963856797,0.3463916896285011,0.34712990040647745
1.4780589596245124,-0.16422877244005588,0.30269450312852636,0.30360450374665277
1.4780589596245124,-0.054742924037199436,0.24520773774266189,0.2458388670025996
1.3685730872442547,-2.463431646818056,0.3066027244142716,0.30647500550323975
1.3685730872442547,-2.353945741592043,0.31483717831282654,0.31470204045414024
1.3685730872442547,-2.2444599130061254,0.32334294818692794,0.32320005946579583
1.3685730872442547,-2.134974084420208,0.33210968198855234,0.3319587545913175
1.3685730872442547,-2.0254882558342904,0.34112072592162274,0.3409615566189456
1.3685730872442547,-1.9160024272483729,0.3503514828629619,0.35018399902708436
1.3685730872442547,-1.8065165220223602,0.35976749785371764,0.3595918173430476
1.3685730872442547,-1.6970306934364425,0.36932192063208696,0.36913844520946787
1.3685730872442547,-1.587544864850525,0.3789525573526297,0.37876213071239745
1.3685730872442547,-1.4780589596245124,0.3885779377190421,0.3883820295108128
1.3685730872442547,-1.3685730872442547,0.3980922588818578,0.3978933736026598
1.3685730872442547,-1.2590872586583373,0.40735857478340975,0.40716073897406546
1.3685730872442547,-1.1496014300724196,0.4161992161083073,0.4160086882478514
1.3685730872442547,-1.0401156069607946,0.4243804210769438,0.42420787666028037
1.3685730872442547,-0.930629738959971,0.43159026247643384,0.4314508465418129
1.3685730872442547,-0.8211438709591473,0.4373903148106591,0.4373154266451854
1.3685730872442547,-0.7116580226657768,0.4411561046346433,0.4411773100087338
1.3685730872442547,-0.6021721743724062,0.44185517228038124,0.44208627089467467
1.3685730872442547,-0.4926863260790356,0.4378854592634352,0.438331569565646
1.3685730872442547,-0.3832004679319385,0.425818042629103,0.426981557544677
1.3685730872442547,-0.27371461963856797,0.3995208043650609,0.400621062280068
1.3685730872442547,-0.16422877244005588,0.3526074751905357,0.35334009898479196
1.3685730872442547,-0.054742924037199436,0.2830989895478073,0.28469152892843536
1.2590872586583373,-2.463431646818056,0.31276081071318107,0.3126226648668163
1.2590872586583373,-2.353945741592043,0.32162176958711786,0.32147465089880917
1.2590872586583373,-2.2444599130061254,0.33082435547036687,0.33066766474869436
1.2590872586583373,-2.134974084420208,0.3403665613079453,0.3401996957414581
1.2590872586583373,-2.0254882558342904,0.350241057054756,0.35006338694595057
1.2590872586583373,-1.9160024272483729,0.3604337327765042,0.3602447180726828
1.2590872586583373,-1.8065165220223602,0.37092197138673905,0.3707211167996868
1.2590872586583373,-1.6970306934364425,0.3816724064255716,0.381459345064972
1.2590872586583373,-1.587544864850525,0.39263840817887574,0.3924130261744791
1.2590872586583373,-1.4780589596245124,0.40375696816518925,0.4035195231506303
1.2590872586583373,-1.3685730872442547,0.4149448261353243,0.4146961675294655
1.2590872586583373,-1.2590872586583373,0.42609378593704417,0.42583570877730925
1.2590872586583373,-1.1496014300724196,0.43706441105646393,0.4368005597834863
1.2590872586583373,-1.0401156069607946,0.4476777798667619,0.4474142122554213
1.2590872586583373,-0.930629738959971,0.4577008139190247,0.45745022687898473
1.2590872586583373,-0.8211438709591473,0.4668280817094364,0.4666078071632187
1.2590872586583373,-0.7116580226657768,0.47461897723545954,0.47448045086977586
1.2590872586583373,-0.6021721743724062,0.4804574396726612,0.48043728703103245
1.2590872586583373,-0.4926863260790356,0.48307727063199196,0.48345412865967646
1.2590872586583373,-0.3832004679319385,0.4806103194003508,0.4812938773953918
1.2590872586583373,-0.27371461963856797,0.46565710702662133,0.46870762892105367
1.2590872586583373,-0.16422877244005588,0.42190313558345754,0.4242019716245566
1.2590872586583373,-0.054742924037199436,0.3374946543470778,0.3367915199920961
1.1496014300724196,-2.463431646818056,0.3183979803494445,0.31825001243446543
1.1496014300724196,-2.353945741592043,0.3278560173807692,0.3276975580738445
1.1496014300724196,-2.2444599130061254,0.33772462314310053,0.3375548181963673
1.1496014300724196,-2.134974084420208,0.3480100423149793,0.3478279163297856
1.1496014300724196,-2.0254882558342904,0.35871405402038015,0.35851862267671614
1.1496014300724196,-1.9160024272483729,0.36983269752649434,0.36962287836401253
1.1496014300724196,-1.8065165220223602,0.3813545168810757,0.38112919370465653
1.1496014300724196,-1.6970306934364425,0.39325859412417263,0.3930166019969979
1.1496014300724196,-1.587544864850525,0.4055121866769022,0.4052523516008776
1.1496014300724196,-1.4780589596245124,0.4180680702218162,0.41778925461587596
1.1496014300724196,-1.3685730872442547,0.43086141929428157,0.4305626026004149
1.1496014300724196,-1.2590872586583373,0.44380656527919454,0.44348695484426004
1.1496014300724196,-1.1496014300724196,0.45679348810480364,0.4564528538962745
1.1496014300724196,-1.0401156069607946,0.4696842976000665,0.46932361915212584
1.1496014300724196,-0.930629738959971,0.4823101860575602,0.4819320663906966
1.1496014300724196,-0.8211438709591473,0.4944664316402012,0.4940811833810925
1.1496014300724196,-0.7116580226657768,0.5059160566554383,0.5055342261029205
1.1496014300724196,-0.6021721743724062,0.5163414717727227,0.5160352100083551
1.1496014300724196,-0.4926863260790356,0.5254465376731355,0.5252205970229645
1.1496014300724196,-0.3832004679319385,0.5320632193083299,0.5325364653863425
1.1496014300724196,-0.27371461963856797,0.5361320259924667,0.5367872827289161
1.1496014300724196,-0.16422877244005588,0.5172006196657366,0.5262809110244816
1.1496014300724196,-0.054742924037199436,0.42426820012714167,0.43169460725894093
1.0401156069607946,-2.463431646818056,0.3234399620301255,0.3232830351635791
1.0401156069607946,-2.353945741592043,0.33345532526256455,0.3332865043126946
1.0401156069607946,-2.2444599130061254,0.34394722075413964,0.3437653540387176
1.0401156069607946,-2.134974084420208,0.35492969931757823,0.35473350883577015
1.0401156069607946,-2.0254882558342904,0.3664131000325194,0.36620119419912706
1.0401156069607946,-1.9160024272483729,0.37840266842636067,0.37817351149007183
1.0401156069607946,-1.8065165220223602,0.390896790418742,0.39064863442575903
1.0401156069607946,-1.6970306934364425,0.4038848828806346,0.403615808075856
1.0401156069607946,-1.587544864850525,0.4173449348562427,0.4170527409631319
1.0401156069607946,-1.4780589596245124,0.4312405106521677,0.4309227542772905
1.0401156069607946,-1.3685730872442547,0.44551768098970973,0.44517150796091953
1.0401156069607946,-1.2590872586583373,0.460101511750691,0.4597235582924009
1.0401156069607946,-1.1496014300724196,0.4748930868240259,0.47447918703710634
1.0401156069607946,-1.0401156069607946,0.4897669699204842,0.4893122372180801
1.0401156069607946,-0.930629738959971,0.5045721135988741,0.5040699813166228
1.0401156069607946,-0.8211438709591473,0.5191347585999909,0.5185770309757898
1.0401156069607946,-0.7116580226657768,0.5332791898681533,0.5326578452721968
1.0401156069607946,-0.6021721743724062,0.5468618873268692,0.5461545347629392
1.0401156069607946,-0.4926863260790356,0.5598649176738117,0.5591080521385241
1.0401156069607946,-0.3832004679319385,0.5727523357788292,0.5717863993316495
1.0401156069607946,-0.27371461963856797,0.5859509733357525,0.5855657707158535
1.0401156069607946,-0.16422877244005588,0.6101239832416636,0.6080108785139732
1.0401156069607946,-0.054742924037199436,0.5620622358054268,0.5810603931652829
0.930629738959971,-2.463431646818056,0.3278155522812473,0.327650741386561
0.930629738959971,-2.353945741592043,0.33833843959096344,0.3381604544615089
0.930629738959971,-2.2444599130061254,0.3493993077572785,0.34920674771253096
0.930629738959971,-2.134974084420208,0.3610193577054706,0.3608106771755694
0.930629738959971,-2.0254882558342904,0.3732165340309694,0.3729900069652826
0.930629738959971,-1.9160024272483729,0.38600403702975494,0.38575764789510386
0.930629738959971,-1.8065165220223602,0.3993882242283562,0.39911973753683944
0.930629738959971,-1.6970306934364425,0.4133661012142706,0.41307295382111353
0.930629738959971,-1.587544864850525,0.4279221444665505,0.42760133268693645
0.930629738959971,-1.4780589596245124,0.4430244996957414,0.4426724657577901
0.930629738959971,-1.3685730872442547,0.45862027152673773,0.45823271454396974
0.930629738959971,-1.2590872586583373,0.47463027930501545,0.4742017391339353
0.930629738959971,-1.1496014300724196,0.49094276937743786,0.49046637481938454
0.930629738959971,-1.0401156069607946,0.5074076748053834,0.5068734300762854
0.930629738959971,-0.930629738959971,0.5238284347766936,0.5232235094588176
0.930629738959971,-0.8211438709591473,0.5399626484118896,0.5392643017156765
0.930629738959971,-0.7116580226657768,0.5555080306417907,0.554686920843565
0.930629738959971,-0.6021721743724062,0.5701610885270774,0.5691522630715956
0.930629738959971,-0.4926863260790356,0.583545752331451,0.5822536141581367
0.930629738959971,-0.3832004679319385,0.5958789455633585,0.5940665576045333
0.930629738959971,-0.27371461963856797,0.607092741771859,0.6041645296594061
0.930629738959971,-0.16422877244005588,0.6273300410521555,0.6219739417789415
0.930629738959971,-0.054742924037199436,0.6905460509676377,0.6721581702549895
0.8211438709591473,-2.463431646818056,0.3314580010561476,0.33128662252740343
0.8211438709591473,-2.353945741592043,0.34242913615957665,0.34224347056237897
0.8211438709591473,-2.2444599130061254,0.353993793362669,0.3537922858231787
0.8211438709591473,-2.134974084420208,0.3661794820507749,0.3659603130073743
0.8211438709591473,-2.0254882558342904,0.37901066461936184,0.3787718254600032
0.8211438709591473,-1.9160024272483729,0.39250695864573815,0.3922461189587984
0.8211438709591473,-1.8065165220223602,0.406680635766537,0.40639515430528933
0.8211438709591473,-1.6970306934364425,0.42153326801017327,0.4212201182506073
0.8211438709591473,-1.587544864850525,0.43705149750714306,0.43670712353553687
0.8211438709591473,-1.4780589596245124,0.4532013717328807,0.4528215535251693
0.8211438709591473,-1.3685730872442547,0.4699211806136624,0.46950078145493496
0.8211438709591473,-1.2590872586583373,0.4871120896785885,0.4866448498844172
0.8211438709591473,-1.1496014300724196,0.504626428590786,0.5041038461160023
0.8211438709591473,-1.0401156069607946,0.5222513926137478,0.5216627627305555
0.8211438709591473,-0.930629738959971,0.5396904587301498,0.539018389654591
0.8211438709591473,-0.8211438709591473,0.5565281674641643,0.5557521092580099
0.8211438709591473,-0.7116580226657768,0.5722059099866355,0.5712790731782494
0.8211438709591473,-0.6021721743724062,0.5859019120195038,0.584782031792332
0.8211438709591473,-0.4926863260790356,0.5966012374004764,0.595125290833104
0.8211438709591473,-0.3832004679319385,0.6023549912393453,0.6004320602870877
0.8211438709591473,-0.27371461963856797,0.6026314191811493,0.5996654120029926
0.8211438709591473,-0.16422877244005588,0.5897866392377458,0.5847198674140699
0.8211438709591473,-0.054742924037199436,0.6555810338226931,0.6673931495806026
0.7116580226657768,-2.463431646818056,0.334306573846824,0.33413010935176296
0.7116580226657768,-2.353945741592043,0.34565795261987714,0.3454663415286268
0.7116580226657768,-2.2444599130061254,0.3576513144032127,0.3574428138266141
0.7116580226657768,-2.134974084420208,0.37031948968516665,0.3700921250113468
0.7116580226657768,-2.0254882558342904,0.38369230192005516,0.3834438644913149
0.7116580226657768,-1.9160024272483729,0.39779430677743804,0.3975222582872861
0.7116580226657768,-1.8065165220223602,0.4126416467383449,0.412343101161391
0.7116580226657768,-1.6970306934364425,0.4282377402976588,0.4279094075912902
0.7116580226657768,-1.587544864850525,0.44456745977179335,0.4442055539284517
0.7116580226657768,-1.4780589596245124,0.46158927447939896,0.46118942273389263
0.7116580226657768,-1.3685730872442547,0.47922434494701044,0.4787814605928656
0.7116580226657768,-1.2590872586583373,0.4973422275408755,0.4968501574935473
0.7116580226657768,-1.1496014300724196,0.5157408691096071,0.5151924378763496
0.7116580226657768,-1.0401156069607946,0.5341201830876502,0.5335054327598265
0.7116580226657768,-0.930629738959971,0.5520415604079104,0.5513501119954197
0.7116580226657768,-0.8211438709591473,0.5688776852003691,0.5680892873451536
0.7116580226657768,-0.7116580226657768,0.583713024442331,0.5828178334012587
0.7116580226657768,-0.6021721743724062,0.5952536793932859,0.5941994902329123
0.7116580226657768,-0.4926863260790356,0.6015177087030165,0.6003569188195943
0.7116580226657768,-0.3832004679319385,0.5999208883700816,0.5985599000139858
0.7116580226657768,-0.27371461963856797,0.5868429247370677,0.5859274344084038
0.7116580226657768,-0.16422877244005588,0.5643397308236004,0.5672872191416392
0.7116580226657768,-0.054742924037199436,0.6202838505738579,0.6187131455788096
0.6021721743724062,-2.463431646818056,0.3363077918085785,0.336127872502021
0.6021721743724062,-2.353945741592043,0.3479636594039945,0.34776795134393307
0.6021721743724062,-2.2444599130061254,0.3603018547990656,0.3600885544688226
0.6021721743724062,-2.134974084420208,0.37335959592029105,0.373126596984227
0.6021721743724062,-2.0254882558342904,0.3871709159164688,0.38691587836267066
0.6021721743724062,-1.9160024272483729,0.40176389670811186,0.40148419409837993
0.6021721743724062,-1.8065165220223602,0.4171569295235805,0.4168496045741932
0.6021721743724062,-1.6970306934364425,0.4333531938298628,0.43301489179392166
0.6021721743724062,-1.587544864850525,0.45033312333437847,0.4499601672150977
0.6021721743724062,-1.4780589596245124,0.46804387168413986,0.4676322415420306
0.6021721743724062,-1.3685730872442547,0.4863846774527955,0.4859299222171679
0.6021721743724062,-1.2590872586583373,0.505186629410719,0.5046842330849853
0.6021721743724062,-1.1496014300724196,0.5241851809642358,0.5236301972028762
0.6021721743724062,-1.0401156069607946,0.5429811345633282,0.5423698465013713
0.6021721743724062,-0.930629738959971,0.5609893846860456,0.5603169889612399
0.6021721743724062,-0.8211438709591473,0.5773622244472901,0.5766334503140448
0.6021721743724062,-0.7116580226657768,0.5908998364226221,0.5901134441672712
0.6021721743724062,-0.6021721743724062,0.5999129655849219,0.5991318142754668
0.6021721743724062,-0.4926863260790356,0.6021640424764004,0.6014240246438346
0.6021721743724062,-0.3832004679319385,0.5951998923584374,0.5949478290841662
0.6021721743724062,-0.27371461963856797,0.5776698939730274,0.5784077156067265
0.6021721743724062,-0.16422877244005588,0.5681059940568159,0.5710944792882696
0.6021721743724062,-0.054742924037199436,0.568541662050274,0.5655311503885754
0.4926863260790356,-2.463431646818056,0.33741655490107203,0.33723489172661075
0.4926863260790356,-2.353945741592043,0.3492944962815385,0.3490966921615138
0.4926863260790356,-2.2444599130061254,0.36188620460970405,0.36167042250747583
0.4926863260790356,-2.134974084420208,0.37523230778944766,0.37499637902064686
0.4926863260790356,-2.0254882558342904,0.3893699822337846,0.38911154700715417
0.4926863260790356,-1.9160024272483729,0.4043298009349998,0.40404621657178214
0.4926863260790356,-1.8065165220223602,0.4201312552998274,0.41981957159111916
0.4926863260790356,-1.6970306934364425,0.43677607330146606,0.4364331628176818
0.4926863260790356,-1.587544864850525,0.45423907415979187,0.453861550304499
0.4926863260790356,-1.4780589596245124,0.4724550075497098,0.4720395036893026
0.4926863260790356,-1.3685730872442547,0.4913002199936217,0.49084361901993784
0.4926863260790356,-1.2590872586583373,0.5105672922247038,0.5100670685916009
0.4926863260790356,-1.1496014300724196,0.5299302058524966,0.529385670907148
0.4926863260790356,-1.0401156069607946,0.5488977895667926,0.5483104931593543
0.4926863260790356,-0.930629738959971,0.5667520386233346,0.5661311483284021
0.4926863260790356,-0.8211438709591473,0.5824751237037179,0.5818355535547605
0.4926863260790356,-0.7116580226657768,0.5946687267222849,0.5940592987194877
0.4926863260790356,-0.6021721743724062,0.6015205232619307,0.6009976127342603
0.4926863260790356,-0.4926863260790356,0.6009933610163466,0.6007727206288436
0.4926863260790356,-0.3832004679319385,0.5915383638717902,0.5917532812463864
0.4926863260790356,-0.27371461963856797,0.5761245155309015,0.5773725654953789
0.4926863260790356,-0.16422877244005588,0.5630378499935238,0.5623276476198842
0.4926863260790356,-0.054742924037199436,0.5335559946980455,0.5316801918301077
0.3832004679319385,-2.463431646818056,0.3375972081875925,0.33741556058936273
0.3832004679319385,-2.353945741592043,0.3496093519921845,0.3494115358073585
0.3832004679319385,-2.2444599130061254,0.3623571004338623,0.3621411951230632
0.3832004679319385,-2.134974084420208,0.37588357569273884,0.37564746021571516
0.3832004679319385,-2.0254882558342904,0.3902282237234932,0.38996959611327797
0.3832004679319385,-1.9160024272483729,0.4054233171587151,0.4051395517343624
0.3832004679319385,-1.8065165220223602,0.4214887891439406,0.421177130585074
0.3832004679319385,-1.6970306934364425,0.4384247259351998,0.43808231739325076
0.3832004679319385,-1.587544864850525,0.4562007403210327,0.4558246646321419
0.3832004679319385,-1.4780589596245124,0.4747405908413046,0.4743283350513042
0.3832004679319385,-1.3685730872442547,0.49390083836484866,0.4934506120829901
0.3832004679319385,-1.2590872586583373,0.5134412171945274,0.5129529900142941
0.3832004679319385,-1.1496014300724196,0.5329847348963914,0.5324612250909556
0.3832004679319385,-1.0401156069607946,0.5519653571712796,0.5514152411559513
0.3832004679319385,-0.930629738959971,0.5695652200472443,0.5690047260724739
0.3832004679319385,-0.8211438709591473,0.5846481494499695,0.5841125542070975
0.3832004679319385,-0.7116580226657768,0.5957200186370779,0.5952590186976021
0.3832004679319385,-0.6021721743724062,0.6009927660060216,0.6007153632729243
0.3832004679319385,-0.4926863260790356,0.598725833592861,0.5987165837027693
0.3832004679319385,-0.3832004679319385,0.5882963135508276,0.5887498722281693
0.3832004679319385,-0.27371461963856797,0.5718855088448075,0.5721105703105737
0.3832004679319385,-0.16422877244005588,0.5484518977953967,0.5478715282745846
0.3832004679319385,-0.054742924037199436,0.516727116981427,0.5147729027210574
0.27371461963856797,-2.463431646818056,0.33682433265405515,0.3366445109291951
0.27371461963856797,-2.353945741592043,0.34887859536230764,0.3486827848129851
0.27371461963856797,-2.2444599130061254,0.36168020100017056,0.3614665536155333
0.27371461963856797,-2.134974084420208,0.37527381201595333,0.37504026141895763
0.27371461963856797,-2.0254882558342904,0.3897003933821398,0.3894447097695141
0.27371461963856797,-1.9160024272483729,0.4049933195423017,0.4047130389511684
0.27371461963856797,-1.8065165220223602,0.42117287627868555,0.4208654531389235
0.27371461963856797,-1.6970306934364425,0.4382380689819774,0.4379009010085536
0.27371461963856797,-1.587544864850525,0.45615497366571484,0.45578572491862424
0.27371461963856797,-1.4780589596245124,0.47483994048461586,0.47443678142778484
0.27371461963856797,-1.3685730872442547,0.4941359707504118,0.4936984175567583
0.27371461963856797,-1.2590872586583373,0.5137803572390699,0.5133101068604559
0.27371461963856797,-1.1496014300724196,0.5333611369751146,0.5328641196508606
0.27371461963856797,-1.0401156069607946,0.5522621637129252,0.5517506673278789
0.27371461963856797,-0.930629738959971,0.5695998547616277,0.5690976916831172
0.27371461963856797,-0.8211438709591473,0.58416692636996,0.5837112152228291
0.27371461963856797,-0.7116580226657768,0.5944200942804181,0.5940742111679322
0.27371461963856797,-0.6021721743724062,0.5985982956525098,0.598429033064923
0.27371461963856797,-0.4926863260790356,0.5950912775454561,0.595184697991012
0.27371461963856797,-0.3832004679319385,0.5832522649766513,0.5834768705699632
0.27371461963856797,-0.27371461963856797,0.5629809812087699,0.5630272669679518
0.27371461963856797,-0.16422877244005588,0.5351951158688426,0.5346957150069518
0.27371461963856797,-0.054742924037199436,0.5073292953763509,0.5054122430636431
0.16422877244005588,-2.463431646818056,0.3350834571116984,0.3349072203338895
0.16422877244005588,-2.353945741592043,0.34708491163199545,0.346893146175156
0.16422877244005588,-2.2444599130061254,0.3598348300589672,0.3596257806783042
0.16422877244005588,-2.134974084420208,0.3733786026330083,0.37315031152375494
0.16422877244005588,-2.0254882558342904,0.38775791099381834,0.38750821968047133
0.16422877244005588,-1.9160024272483729,0.4030067834617442,0.40273345370225866
0.16422877244005588,-1.8065165220223602,0.419145981146499,0.41884665952991135
0.16422877244005588,-1.6970306934364425,0.43617447319300706,0.4358468496664919
0.16422877244005588,-1.587544864850525,0.4540573574861041,0.45369947407296396
0.16422877244005588,-1.4780589596245124,0.4727083402473252,0.4723190032355875
0.16422877244005588,-1.3685730872442547,0.4919651571578461,0.49154453348342086
0.16422877244005588,-1.2590872586583373,0.511555556837706,0.5111064856201194
0.16422877244005588,-1.1496014300724196,0.5310520881235526,0.5305816098425051
0.16422877244005588,-1.0401156069607946,0.5498149721743739,0.5493373374431778
0.16422877244005588,-0.930629738959971,0.5669279087986343,0.5664670636758296
0.16422877244005588,-0.8211438709591473,0.581142358480933,0.5807369522641586
0.16422877244005588,-0.7116580226657768,0.5908700941528234,0.5905699832688857
0.16422877244005588,-0.6021721743724062,0.5942908680572652,0.5941529707267906
0.16422877244005588,-0.4926863260790356,0.5896884823075267,0.5897182485253379
0.16422877244005588,-0.3832004679319385,0.5758169487799297,0.5759121134894729
0.16422877244005588,-0.27371461963856797,0.552592983261953,0.5525267555176281
0.16422877244005588,-0.16422877244005588,0.5233843431940404,0.5227155128575403
0.16422877244005588,-0.054742924037199436,0.5007885357526044,0.4992158904731037
0.054742924037199436,-2.463431646818056,0.3323715408283793,0.3322005885213613
0.054742924037199436,-2.353945741592043,0.3442238298817838,0.34403801963353364
0.054742924037199436,-2.2444599130061254,0.3568147711796502,0.3566124882072052
0.054742924037199436,-2.134974084420208,0.3701895057668612,0.36996893264089914
0.054742924037199436,-2.0254882558342904,0.3843896298568826,0.3841487845041864
0.054742924037199436,-1.9160024272483729,0.3994493726696542,0.3991861691900797
0.054742924037199436,-1.8065165220223602,0.41539004319666334,0.4151023205861139
0.054742924037199436,-1.6970306934364425,0.4322116618409528,0.431897407032946
0.054742924037199436,-1.587544864850525,0.4498809914759381,0.44953846708483675
0.054742924037199436,-1.4780589596245124,0.4683143112999505,0.46794250261063663
0.054742924037199436,-1.3685730872442547,0.487352666239468,0.48695198815477336
0.054742924037199436,-1.2590872586583373,0.506728134126965,0.5063013026220207
0.054742924037199436,-1.1496014300724196,0.5260176903417967,0.525571447925484
0.054742924037199436,-1.0401156069607946,0.5445849787666386,0.5441318698682612
0.054742924037199436,-0.930629738959971,0.5615114020642419,0.5610727252201274
0.054742924037199436,-0.8211438709591473,0.5755315549901819,0.575138395125512
0.054742924037199436,-0.7116580226657768,0.5850020532897494,0.5846934930861899
0.054742924037199436,-0.6021721743724062,0.5879697793277128,0.5877814095374367
0.054742924037199436,-0.4926863260790356,0.5824201103672701,0.5823427672459646
0.054742924037199436,-0.3832004679319385,0.5668215906173497,0.5667837362399613
0.054742924037199436,-0.27371461963856797,0.5415655526993235,0.5413391819722425
0.054742924037199436,-0.16422877244005588,0.5120717007090974,0.5112996146829716
0.054742924037199436,-0.054742924037199436,0.49503314505536966,0.49368761868731326
-0.054742924037199436,-2.463431646818056,0.3286974292873243,0.3285332858992607
-0.054742924037199436,-2.353945741592043,0.3403042108832265,0.3401261795087756
-0.054742924037199436,-2.2444599130061254,0.352628679770884,0.35243521482292617
-0.054742924037199436,-2.134974084420208,0.36571464573173773,0.3655041043098419
-0.054742924037199436,-2.0254882558342904,0.3796026205161684,0.37937322716770555
-0.054742924037199436,-1.9160024272483729,0.39432632815088253,0.39407615696985626
-0.054742924037199436,-1.8065165220223602,0.40990741025845007,0.40963453247670895
-0.054742924037199436,-1.6970306934364425,0.4263476391743898,0.42605013567669636
-0.054742924037199436,-1.587544864850525,0.4436176038819496,0.44329386934881093
-0.054742924037199436,-1.4780589596245124,0.4616403742052515,0.461289328303916
-0.054742924037199436,-1.3685730872442547,0.4802682148598774,0.47988981434771416
-0.054742924037199436,-1.2590872586583373,0.4992497920417116,0.49884585201818304
-0.054742924037199436,-1.1496014300724196,0.5181856170959825,0.5177606919357916
-0.054742924037199436,-1.0401156069607946,0.5364681474220476,0.5360312292541223
-0.054742924037199436,-0.930629738959971,0.5532088938556289,0.5527742136709105
-0.054742924037199436,-0.8211438709591473,0.567155053682429,0.5667434532928907
-0.054742924037199436,-0.7116580226657768,0.5766235758989081,0.5762605907518538
-0.054742924037199436,-0.6021721743724062,0.5795025289404083,0.5792049792012717
-0.054742924037199436,-0.4926863260790356,0.5734449881947453,0.57322289421002
-0.054742924037199436,-0.3832004679319385,0.5567099838157001,0.5564789345775386
-0.054742924037199436,-0.27371461963856797,0.5299800328378541,0.5296040285443229
-0.054742924037199436,-0.16422877244005588,0.5006787929710828,0.49991411911443273
-0.054742924037199436,-0.054742924037199436,0.4889713358496252,0.48776801336826253
