# LevelSetWear, data of Fig. 17 of
# I. Llavori, Wear simulation on a fixed mesh with level sets
# and immersed frictional contact,
# submitted for publication. Mondragon Unibertsitatea.
# https://github.com/illavori/LevelSetWear       BSD 3-Clause
# Newton iterations per converged increment along the fretting test of McColl et al. (2004), 185 N,
# one point per wear block of 100 cycles (from the Abaqus .sta files)
# mesh motion model (UMESHMOTION), single analysis
cycles,iterations_per_increment
100,1.7804878048780488
200,1.9268292682926829
300,1.9024390243902438
400,2.048780487804878
500,2.024390243902439
600,2.048780487804878
700,2.073170731707317
800,2.268292682926829
900,2.341463414634146
1000,2.4146341463414633
1100,2.4146341463414633
1200,2.4146341463414633
1300,2.3902439024390243
1400,2.4390243902439024
1500,2.5121951219512195
1600,2.4390243902439024
1700,2.5365853658536586
1800,2.4634146341463414
1900,2.5365853658536586
2000,2.6097560975609757
2100,2.682926829268293
2200,2.6097560975609757
2300,2.707317073170732
2400,2.658536585365854
2500,2.4146341463414633
2600,2.5121951219512195
2700,2.5609756097560976
2800,2.4146341463414633
2900,2.4878048780487805
3000,2.5853658536585367
3100,2.6341463414634148
3200,2.707317073170732
3300,2.731707317073171
3400,2.8292682926829267
3500,2.682926829268293
3600,2.682926829268293
3700,2.7560975609756095
3800,2.7560975609756095
3900,2.707317073170732
4000,2.7560975609756095
4100,2.7560975609756095
4200,2.8536585365853657
4300,2.731707317073171
4400,2.6341463414634148
4500,2.707317073170732
4600,2.8292682926829267
4700,2.731707317073171
4800,2.707317073170732
4900,2.731707317073171
5000,2.8048780487804876
5100,2.7804878048780486
5200,2.926829268292683
5300,2.8048780487804876
5400,2.8536585365853657
5500,2.8292682926829267
5600,2.8292682926829267
5700,2.8292682926829267
5800,2.8536585365853657
5900,2.8536585365853657
6000,2.902439024390244
6100,3.024390243902439
6200,3.024390243902439
6300,3.0
6400,3.0
6500,2.926829268292683
6600,2.8780487804878048
6700,2.8536585365853657
6800,2.8292682926829267
6900,2.8536585365853657
7000,2.902439024390244
7100,2.975609756097561
7200,3.0
7300,2.975609756097561
7400,2.951219512195122
7500,2.951219512195122
7600,3.0
7700,3.073170731707317
7800,3.048780487804878
7900,3.073170731707317
8000,3.1219512195121952
8100,3.073170731707317
8200,3.048780487804878
8300,3.048780487804878
8400,3.1951219512195124
8500,3.1219512195121952
8600,3.1463414634146343
8700,3.0
8800,3.024390243902439
8900,3.0
9000,3.048780487804878
9100,3.1707317073170733
9200,3.1219512195121952
9300,3.1463414634146343
9400,3.097560975609756
9500,3.1707317073170733
9600,3.097560975609756
9700,3.1219512195121952
9800,3.1463414634146343
9900,3.2439024390243905
10000,3.2195121951219514
10100,3.1951219512195124
10200,3.1219512195121952
10300,3.1219512195121952
10400,3.097560975609756
10500,3.097560975609756
10600,3.1219512195121952
10700,3.073170731707317
10800,3.097560975609756
10900,3.097560975609756
11000,3.097560975609756
11100,3.097560975609756
11200,3.073170731707317
11300,3.097560975609756
11400,3.1219512195121952
11500,3.1463414634146343
11600,3.2439024390243905
11700,3.1951219512195124
11800,3.1707317073170733
11900,3.073170731707317
12000,3.097560975609756
12100,3.073170731707317
12200,3.1219512195121952
12300,3.2195121951219514
12400,3.1707317073170733
12500,3.1951219512195124
12600,3.1951219512195124
12700,3.1219512195121952
12800,3.1219512195121952
12900,3.1219512195121952
13000,3.1219512195121952
13100,3.097560975609756
13200,3.2439024390243905
13300,3.1707317073170733
13400,3.2195121951219514
13500,3.268292682926829
13600,3.268292682926829
13700,3.1951219512195124
13800,3.2195121951219514
13900,3.2439024390243905
14000,3.317073170731707
14100,3.341463414634146
14200,3.3902439024390243
14300,3.3902439024390243
14400,3.3902439024390243
14500,3.3902439024390243
14600,3.3658536585365852
14700,3.3658536585365852
14800,3.3658536585365852
14900,3.3902439024390243
15000,3.4146341463414633
15100,3.5121951219512195
15200,3.4146341463414633
15300,3.3902439024390243
15400,3.341463414634146
15500,3.341463414634146
15600,3.341463414634146
15700,3.317073170731707
15800,3.317073170731707
15900,3.4146341463414633
16000,3.4390243902439024
16100,3.4878048780487805
16200,3.4878048780487805
16300,3.4878048780487805
16400,3.5121951219512195
16500,3.5121951219512195
16600,3.5121951219512195
16700,3.5121951219512195
16800,3.5121951219512195
16900,3.5365853658536586
17000,3.5365853658536586
17100,3.5609756097560976
17200,3.6341463414634148
17300,3.6097560975609757
17400,3.6097560975609757
17500,3.5121951219512195
17600,3.5121951219512195
17700,3.5609756097560976
17800,3.5121951219512195
17900,3.4878048780487805
18000,3.4634146341463414
